survey,CFA3S-B,CFA3S-V,CFA3S-R,CFA3S-I,PS1-g,PS1-r,PS1-i,PS1-z,RA,DEC
CFA3S,18.0873,17.3784,16.8598,16.462,17.640600204467773,17.11359977722168,16.911699295043945,16.843000411987305,105.05363531344335,59.51017447043021
CFA3S,16.1763,15.6174,15.1748,14.982,15.677300453186035,15.24370002746582,15.061699867248535,15.000499725341797,105.01685025640923,59.464573491033654
CFA3S,16.060299999999998,15.1604,14.5478,14.071,15.497300148010254,14.793700218200684,14.517800331115723,14.392399787902832,104.96487489736191,59.51203140439584
CFA3S,16.4183,15.8174,15.3808,15.016,16.02910041809082,15.57960033416748,15.428899765014648,15.378899574279785,104.89941813492337,59.47048237047722
CFA3S,17.6693,16.8824,16.3008,15.87,17.164499282836914,16.547300338745117,16.30970001220703,16.216299057006836,104.84156117195658,59.54691476768162
CFA3S,16.473,15.843,15.4032,15.0465,16.077699661254883,15.634599685668945,15.477399826049805,15.4483003616333,137.3573029839716,50.32664851582878
CFA3S,16.5782,16.0646,15.667799999999998,15.323899999999998,16.2278995513916,15.874500274658203,15.747400283813477,15.727999687194824,160.06742225669979,24.182241039231364
CFA3S,18.8359,18.2136,17.702099999999998,17.1509,18.492700576782227,18.007999420166016,17.792800903320312,17.64550018310547,160.04364729609097,24.067807232381718
CFA3S,16.705,15.981,15.4715,15.049,16.2539005279541,15.700699806213379,15.492199897766113,15.40880012512207,159.9895203634175,24.05146579297196
CFA3S,18.9146,18.4383,18.0222,17.7173,18.61079978942871,18.293500900268555,18.13920021057129,18.049999237060547,159.95332213130143,24.03217692047978
CFA3S,17.1823,16.0253,15.134800000000002,14.443,16.548900604248047,15.460700035095215,14.971699714660645,14.747599601745605,159.95075944961025,24.11847801172644
CFA3S,17.099,16.348,15.8012,15.3703,16.632200241088867,16.036300659179688,15.815799713134766,15.733499526977539,159.94922732346689,24.05519417650797
CFA3S,16.7419,15.9463,15.4142,15.0103,16.249000549316406,15.644000053405762,15.455400466918945,15.39050006866455,159.94812590254014,24.07601068796976
CFA3S,16.9439,16.4633,16.092200000000002,15.7576,16.626699447631836,16.306900024414062,16.19499969482422,16.174400329589844,159.9299566317354,24.163187697773903
CFA3S,18.3313,17.328,16.569499999999998,16.0067,17.759700775146484,16.859899520874023,16.53339958190918,16.368200302124023,159.8914647336087,24.145554417670933
CFA3S,17.8974,16.9235,16.1704,15.6329,17.36370086669922,16.482900619506836,16.120500564575195,15.979100227355957,179.390606717278,25.2928216865518
CFA3S,18.9774,18.5065,18.1068,17.7669,18.6471004486084,18.532400131225586,18.110000610351562,18.178699493408203,179.3656688511532,25.18385491200155
CFA3S,18.9265,18.346,17.8279,17.4338,18.557199478149414,18.416500091552734,18.122900009155273,18.167299270629883,179.25064267308096,25.143589932339367
CFA3S,15.6254,15.0699,14.6765,14.3453,15.265199661254883,14.887299537658691,14.775500297546387,14.764699935913086,167.787142427071,55.200601621613814
CFA3S,16.395,15.7192,15.2612,14.8849,15.97249984741211,15.491100311279297,15.340299606323242,15.286700248718262,167.7286086397743,55.2379037219308
CFA3S,15.3387,14.9029,14.5572,14.2553,15.0177001953125,14.739299774169922,14.67140007019043,14.683899879455566,167.72438184420244,55.158122761920225
CFA3S,18.1253,17.3825,16.8745,16.4895,17.691499710083008,17.1343994140625,16.936399459838867,16.87459945678711,167.68450036237968,55.226849024248125
CFA3S,16.301000000000002,15.6362,15.1802,14.8022,15.871000289916992,15.391300201416016,15.232399940490723,15.188300132751465,167.6412440852648,55.14144024308685
CFA3S,15.0763,14.3752,13.8912,13.5402,14.624600410461426,14.112299919128418,13.949799537658691,13.910499572753906,167.62667547,55.09997558
CFA3S,18.076600000000003,17.6365,17.320500000000003,17.0395,17.78890037536621,17.524200439453125,17.43670082092285,17.42620086669922,167.5694742836964,55.194441024997815
CFA3S,17.5247,17.0489,16.730999999999998,16.583199999999998,18.40760040283203,17.93160057067871,17.774099349975586,17.695499420166016,216.64457536189448,26.195690796594985
CFA3S,15.4036,14.8131,14.3896,14.0628,15.027199745178223,14.614700317382812,14.484999656677246,14.457500457763672,216.63832464230236,26.320851386436118
CFA3S,17.4346,16.7451,16.3066,15.923100000000002,17.074499130249023,16.56839942932129,16.36440086364746,16.30190086364746,216.62743201810088,26.225771911839196
CFA3S,17.1363,16.2134,15.4972,14.9791,16.613399505615234,15.780599594116211,15.451399803161621,15.310099601745605,216.617682425027,26.311917506763507
CFA3S,16.1173,14.9654,14.0769,13.4091,15.502599716186523,14.418000221252441,13.924099922180176,13.70259952545166,216.58665160528125,26.33761140394859
CFA3S,16.8473,16.3265,15.9406,15.6268,16.49329948425293,16.14739990234375,16.030899047851562,16.008899688720703,216.58020535745018,26.22004544322847
CFA3S,16.863699999999998,16.3798,16.0063,15.6998,16.543399810791016,16.221599578857422,16.113800048828125,16.101699829101562,216.56359413068284,26.288746139005553
CFA3S,17.193,16.2038,15.483300000000002,14.9682,16.624500274658203,15.759499549865723,15.425800323486328,15.299599647521973,216.5604178978146,26.279936007035072
CFA3S,16.3386,15.4771,14.8699,14.4371,15.817700386047363,15.117199897766113,14.86970043182373,14.77750015258789,216.55671367356732,26.238889625089456
CFA3S,18.2637,17.8328,17.536299999999997,17.2092,18.012500762939453,17.73430061340332,17.62820053100586,17.598800659179688,216.5419565194511,26.276814117047273
CFA3S,15.3169,14.6014,14.1509,13.7568,14.835599899291992,14.324199676513672,14.12339973449707,14.057100296020508,216.54007994537653,26.334672853427712
CFA3S,15.9426,15.0264,14.3529,13.8714,15.405500411987305,14.606800079345703,14.309300422668457,14.184700012207031,216.52219612579987,26.19969126306982
CFA3S,15.8443,15.3228,14.938300000000002,14.6272,15.494799613952637,15.140999794006348,15.0177001953125,14.994500160217285,216.50674322309223,26.1779934000938
CFA3S,15.4173,14.8465,14.4081,14.0592,15.048800468444824,14.642800331115723,14.481499671936035,14.431400299072266,216.48016459080628,26.33142486525295
CFA3S,14.125,13.6091,13.2369,12.914,13.798199653625488,-999.0,-999.0,13.315799713134766,248.79837710775098,76.06152632452277
CFA3S,15.7946,15.2287,14.8245,14.486,15.421899795532227,15.048100471496582,14.889800071716309,14.867600440979004,248.74613027839544,76.01293501199032
CFA3S,14.3636,13.7747,13.3301,12.9853,13.98390007019043,13.56719970703125,-999.0,13.357099533081055,248.6028088075766,76.00514648545878
CFA3S,18.0404,17.5391,17.164900000000003,16.8607,17.722999572753906,17.401199340820312,17.26409912109375,17.23189926147461,248.59122603634748,75.94318024888332
CFA3S,18.3121,17.5802,16.989,16.5487,17.859500885009766,17.268699645996094,17.000699996948242,16.883399963378906,270.47807137389265,26.276370028382438
CFA3S,18.0964,17.5019,17.0077,16.6298,17.68239974975586,17.22170066833496,17.038799285888672,16.978500366210938,270.47278940832337,26.33166193124591
CFA3S,17.2327,16.4312,15.854,15.4354,16.715700149536133,16.105499267578125,15.881400108337402,15.794300079345703,270.47017267007203,26.20554690730691
CFA3S,18.4211,17.5889,17.077399999999997,16.6831,17.851200103759766,17.31570053100586,17.13629913330078,17.062700271606445,270.45982368116546,26.327857600578064
CFA3S,18.0794,17.5152,17.0757,16.6837,17.67140007019043,17.29319953918457,17.122699737548828,17.0575008392334,270.43008345429604,26.334852798153012
CFA3S,17.1307,16.3882,15.8603,15.4591,16.676300048828125,16.128700256347656,15.92490005493164,15.840299606323242,270.4239596655775,26.292568647969446
CFA3S,18.7767,18.1972,17.737299999999998,17.3907,18.37470054626465,17.946399688720703,17.790000915527344,17.755699157714844,270.40735031382127,26.31723251040449
CFA3S,17.7716,17.1105,16.623099999999997,16.2201,17.337499618530273,16.88599967956543,16.689199447631836,16.62380027770996,270.4068686017348,26.240779742422447
CFA3S,17.743100000000002,17.2142,16.7863,16.4251,17.3927001953125,17.010099411010742,16.84830093383789,16.806100845336914,270.38822002607765,26.341374375384966
CFA3S,18.0808,17.6409,17.220699999999997,16.875799999999998,17.729999542236328,17.427400588989258,17.285600662231445,17.250600814819336,270.3840961928902,26.22566447656815
CFA3S,17.2441,16.6236,16.1427,15.7345,16.838899612426758,16.3612003326416,16.167299270629883,16.099300384521484,270.381294731959,26.193238656344164
CFA3S,17.723499999999998,17.0906,16.612399999999997,16.3248,17.279300689697266,16.833799362182617,16.66119956970215,16.591299057006836,270.37880257194433,26.20405049605849
CFA3S,16.8595,16.1186,15.5884,15.1841,16.39109992980957,15.838700294494629,15.6274995803833,15.552000045776367,270.34781591696066,26.28361921244044
CFA3S,17.036099999999998,16.4029,15.934399999999998,15.5514,16.655099868774414,16.209999084472656,16.02669906616211,15.957500457763672,270.32706815959807,26.319072936952487
CFA3S,18.3441,17.6769,17.1807,16.7431,17.907899856567383,17.415700912475586,17.222299575805664,17.14349937438965,270.3253116175392,26.29624178044491
CFA3S,18.1338,17.3799,16.8351,16.3801,17.678499221801758,17.09779930114746,16.822799682617188,16.727100372314453,257.82900822337564,5.775190292591859
CFA3S,18.5588,17.9544,17.4486,17.043599999999998,18.19969940185547,17.729999542236328,17.497800827026367,17.412799835205078,257.8264209756429,5.757120982971708
CFA3S,18.3238,17.5709,17.0496,16.5866,17.86009979248047,17.305500030517578,17.03849983215332,16.941600799560547,257.80348087655136,5.799369248941911
CFA3S,16.4873,15.5444,14.8806,14.3371,15.938400268554688,15.182499885559082,14.809300422668457,14.651100158691406,257.80050861259264,5.789916334877387
CFA3S,18.0838,17.0664,16.3106,15.734600000000002,17.50160026550293,16.628400802612305,16.228300094604492,16.041099548339844,257.79621084648267,5.930404515912074
CFA3S,17.6813,16.7549,16.1036,15.5636,17.125,16.378999710083008,16.029199600219727,15.873000144958496,257.79260990395375,5.76965435765604
CFA3S,15.0223,14.2194,13.6646,13.2206,14.550800323486328,13.93690013885498,13.668899536132812,13.576700210571289,257.7730883766664,5.925570072263591
CFA3S,17.6313,16.8189,16.2241,15.7021,17.141399383544922,16.491100311279297,16.172199249267578,16.017200469970703,257.7726706162185,5.839369961034827
CFA3S,15.8838,15.2624,14.8036,14.3911,15.496999740600586,15.03320026397705,14.821399688720703,14.746500015258789,257.76553129533335,5.797475043260124
CFA3S,17.3093,16.3089,15.6041,15.074600000000002,16.739200592041016,15.882100105285645,15.52649974822998,15.378800392150879,257.75488355012897,5.802559977210138
CFA3S,17.6118,16.8189,16.2416,15.7911,17.121299743652344,16.505599975585938,16.226299285888672,16.10700035095215,257.74732010604106,5.840694802759631
CFA3S,18.1203,17.4499,16.9561,16.5521,17.704099655151367,17.221099853515625,16.992300033569336,16.920000076293945,257.7433284681341,5.928944907211601
CFA3S,18.2871,17.3725,16.6637,16.1544,17.736600875854492,16.944499969482422,16.647899627685547,16.52790069580078,24.673017283342833,41.67081450050138
CFA3S,15.7761,15.0515,14.5607,14.143400000000002,15.324899673461914,14.809200286865234,14.606800079345703,14.548700332641602,24.670309837549095,41.721601576928855
CFA3S,15.6321,14.9265,14.4297,14.0234,15.1875,14.676199913024902,14.495200157165527,14.44260025024414,24.666254985170898,41.61244887790182
CFA3S,16.8761,15.9475,15.2847,14.7674,16.314800262451172,15.548999786376953,15.255499839782715,15.149499893188477,24.657558108923677,41.728408677072416
CFA3S,16.3721,15.4285,14.7267,14.1914,15.837300300598145,15.021400451660156,14.7052001953125,14.56659984588623,24.640606442730252,41.6124348695673
CFA3S,17.3971,16.8205,16.386699999999998,16.019399999999997,17.027000427246094,16.614099502563477,16.46489906311035,16.43630027770996,24.63824212243876,41.69177794110398
CFA3S,18.3381,17.5155,16.9617,16.4804,17.84600067138672,17.215999603271484,16.980300903320312,16.87820053100586,24.612896395894488,41.58211141724561
CFA3S,17.4551,16.8715,16.4497,16.0694,17.08679962158203,16.668699264526367,16.51729965209961,16.467899322509766,24.590734649127878,41.57647115315683
CFA3S,16.766099999999998,16.2715,15.8977,15.5724,16.432100296020508,16.111799240112305,16.01110076904297,15.994999885559082,24.59031347001257,41.601751733080725
CFA3S,16.4431,15.6075,15.0307,14.5524,15.931599617004395,15.283599853515625,15.026599884033203,14.924200057983398,24.504418625057873,41.64582092274686
CFA3S,18.5421,17.5305,16.8117,16.2584,17.94300079345703,17.085100173950195,16.760499954223633,16.621700286865234,24.490660591748906,41.63513765912002
CFA3S,17.206100000000003,16.7585,16.4157,16.084400000000002,16.916500091552734,16.619699478149414,16.53019905090332,16.518699645996094,24.485493392803924,41.64766979495961
CFA3S,15.1741,14.6825,14.3247,13.9974,14.852399826049805,14.534099578857422,14.430299758911133,14.429900169372559,24.477256581207516,41.68570114924311
CFA3S,18.8371,18.2705,17.7857,17.3994,18.484800338745117,18.044700622558594,17.88330078125,17.829099655151367,24.47565406871835,41.74838247422713
CFA3S,17.955099999999998,17.2125,16.7377,16.4084,17.48819923400879,16.963699340820312,16.792999267578125,16.726499557495117,24.457817257235856,41.58982979909794
CFA3S,18.0631,17.5285,17.146700000000003,16.7774,17.713899612426758,17.373199462890625,17.258399963378906,17.22640037536621,24.45623931265473,41.736729475213856
CFA3S,17.6051,16.9795,16.541700000000002,16.1704,17.221500396728516,16.7903995513916,16.618799209594727,16.57040023803711,24.454517472377695,41.68714356762469
CFA3S,18.1497,17.1223,16.3984,15.8275,17.55270004272461,16.6830997467041,16.33799934387207,16.203800201416016,21.443948302371986,34.11251838125679
CFA3S,17.5157,17.0613,16.6864,16.3695,17.19540023803711,16.912900924682617,16.81450080871582,16.795400619506836,21.413992053974297,33.96327842163376
CFA3S,15.1637,14.3673,13.9114,13.3885,14.679900169372559,14.079500198364258,13.857600212097168,13.790800094604492,21.403283394432286,34.034899042026126
CFA3S,17.1407,16.6083,16.2134,15.8465,16.799800872802734,16.44659996032715,16.311899185180664,16.26689910888672,21.38980158769621,33.976217637668825
CFA3S,18.1437,17.4513,16.9664,16.5105,17.739900588989258,17.217100143432617,17.02910041809082,16.9512996673584,21.389256182390394,34.116031719029294
CFA3S,15.7737,15.1313,14.6924,14.2965,15.35319995880127,14.910499572753906,14.7524995803833,14.710800170898438,21.38669577557593,34.009398905769416
CFA3S,15.9667,15.3843,14.9774,14.5955,15.600299835205078,15.203900337219238,15.0556001663208,15.031499862670898,21.38521398034042,34.018401551618666
CFA3S,18.4637,17.7563,17.214399999999998,16.7575,18.021499633789062,17.472000122070312,17.2278995513916,17.17009925842285,21.354395098144515,34.05603719876172
CFA3S,16.0927,15.6033,15.2384,14.902500000000002,15.788299560546875,15.47439956665039,15.357500076293945,15.343799591064453,21.339222459905983,34.11227252875833
CFA3S,16.0417,15.3603,14.8764,14.4465,15.610400199890137,15.145400047302246,14.925999641418457,14.876199722290039,21.3308121975312,34.08942189341588
CFA3S,16.1477,15.3483,14.7714,14.3015,15.750300407409668,14.970499992370605,15.003000259399414,14.703700065612793,21.317831629525646,34.108557570186065
CFA3S,15.625699999999998,14.9363,14.4444,13.9835,15.202099800109863,14.702799797058105,14.466699600219727,14.373700141906738,21.280051082347423,34.05338722402194
CFA3S,17.4547,16.5583,15.9294,15.4545,16.920799255371094,16.191600799560547,15.917099952697754,15.81350040435791,21.275187300658093,34.093852641650045
CFA3S,17.639699999999998,17.0813,16.656399999999998,16.2795,17.21940040588379,16.84670066833496,16.70709991455078,16.648500442504883,21.26144356652606,33.96225767870369
CFA3S,17.563200000000002,17.0637,16.6946,16.3462,17.234600067138672,16.921300888061523,16.8080997467041,16.79330062866211,74.33874182050896,-4.807798508960027
CFA3S,18.1102,17.5507,16.822599999999998,16.0402,18.579999923706055,18.161500930786133,18.011499404907227,18.00189971923828,74.3375178917111,-4.803384500115407
CFA3S,16.727999999999998,16.1957,15.8097,15.4709,16.391399383544922,16.06100082397461,15.921799659729004,15.902999877929688,74.33132081179762,-4.829976222897577
CFA3S,17.9042,17.2522,16.822,16.427999999999997,17.49410057067871,17.05470085144043,16.90839958190918,16.863100051879883,74.32826659235478,-4.840585317889484
CFA3S,15.2416,14.7549,14.3984,14.0824,14.927800178527832,14.61989974975586,14.528300285339355,14.528200149536133,74.32346235766107,-4.786402059596581
CFA3S,16.3105,15.5495,14.997,14.5363,15.837300300598145,15.272000312805176,15.00879955291748,14.919400215148926,74.32250352871577,-4.746345951176306
CFA3S,15.3478,14.7825,14.374,14.025,14.985699653625488,14.600199699401855,14.467399597167969,14.449799537658691,74.31649627877368,-4.772857044611791
CFA3S,16.595200000000002,15.7199,15.1054,14.6297,16.071699142456055,15.379300117492676,15.106599807739258,15.00510025024414,74.30391235249297,-4.7045925302612215
CFA3S,14.8578,14.2835,13.883,13.5437,14.468600273132324,14.10200023651123,13.977399826049805,13.961899757385254,74.29347144765347,-4.739792006889524
CFA3S,15.2025,14.5815,14.141,13.7727,14.795999526977539,14.360400199890137,14.214799880981445,14.185700416564941,74.2893535893079,-4.79923593351663
CFA3S,17.2636,16.3639,15.752,15.2831,16.712099075317383,16.009899139404297,15.747699737548828,15.649200439453125,74.2691147331888,-4.681201242411443
CFA3S,16.2079,15.4889,14.998399999999998,14.5837,15.748800277709961,15.236599922180176,15.036399841308594,14.973400115966797,74.26749135073194,-4.779954468971457
CFA3S,17.134800000000002,16.3455,15.7823,15.317700000000002,16.63629913330078,16.031299591064453,15.784299850463867,15.686300277709961,74.26454340847364,-4.721177583571506
CFA3S,18.1669,17.3812,16.8577,16.412,17.660900115966797,17.109899520874023,16.882699966430664,16.794300079345703,74.25339909368122,-4.778171968672864
CFA3S,15.8732,15.2382,14.803,14.4527,15.434900283813477,15.022199630737305,14.874500274658203,14.847000122070312,74.24633498717404,-4.744643511044638
CFA3S,16.0405,15.5562,15.1963,14.9174,15.662099838256836,15.343099594116211,15.236300468444824,15.21780014038086,74.23274942791743,-4.746934690567526
CFA3S,17.093700000000002,16.5898,16.2023,15.8731,16.759599685668945,16.427000045776367,16.294700622558594,16.280099868774414,74.23189239953035,-4.841218869779615
CFA3S,15.9006,15.2829,14.8554,14.5044,15.495200157165527,15.074999809265137,14.933600425720215,14.913800239562988,74.22915136115145,-4.835810261720263
CFA3S,15.0112,14.4292,14.033,13.704,14.626199722290039,14.253999710083008,14.130599975585938,14.114500045776367,74.20772254501988,-4.715064650054458
CFA3S,15.8462,15.3269,14.931,14.5871,15.522899627685547,15.148699760437012,15.002699851989746,14.972999572753906,74.1967914036984,-4.810807511504057
CFA3S,15.6592,14.9595,14.5006,14.1303,15.210399627685547,14.734000205993652,14.555800437927246,14.53439998626709,74.18950814144246,-4.690351651092579
CFA3S,16.4172,15.8785,15.497,15.169,16.050800323486328,15.7076997756958,15.602499961853027,15.583600044250488,74.1650584074692,-4.751898088856551
CFA3S,18.0186,17.1949,16.686700000000002,16.2991,17.31679916381836,16.874799728393555,16.706300735473633,16.6466007232666,74.15619579139258,-4.796765931399935
CFA3S,18.0811,17.33,16.8312,16.435699999999997,17.630800247192383,17.096099853515625,16.894699096679688,16.83690071105957,144.56557211534079,25.522868923941104
CFA3S,17.9091,16.9943,16.3115,15.8065,17.3794002532959,16.60610008239746,16.290000915527344,16.167200088500977,144.5601215115575,25.548794386684307
CFA3S,15.5934,14.6858,14.0,13.4547,15.070599555969238,14.28499984741211,13.9399995803833,13.784600257873535,144.52316473283284,25.536225507594057
CFA3S,17.8474,17.2148,16.7713,16.4165,17.453800201416016,17.010099411010742,16.841299057006836,16.815399169921875,144.52042067356405,25.575302491775425
CFA3S,16.5258,15.4645,14.681,14.1214,15.931599617004395,14.970499992370605,14.606499671936035,14.463800430297852,144.51454225368596,25.5199629038506
CFA3S,18.3921,17.9695,17.6424,17.3052,18.144500732421875,17.838199615478516,17.737600326538086,17.736299514770508,144.50336688898096,25.543900748839853
CFA3S,18.3715,17.5204,16.8827,16.4024,17.87299919128418,17.176599502563477,16.891300201416016,16.7810001373291,144.48949973689636,25.427637133308398
CFA3S,15.6533,15.1085,14.7254,14.4654,15.281599998474121,14.912300109863281,14.782699584960938,14.788299560546875,144.47959973457657,25.417446843511076
CFA3S,15.0514,14.2963,13.784,13.385,14.538100242614746,13.998900413513184,13.800000190734863,13.756099700927734,144.4788690432248,25.53862108657261
CFA3S,16.3231,15.4745,14.8942,14.4064,15.78499984741211,15.150699615478516,14.865099906921387,14.751999855041504,144.46221077086068,25.47600558827205
CFA3S,15.9393,15.3595,14.9392,14.5919,15.57390022277832,15.159299850463867,15.01159954071045,14.984000205993652,144.40920025102807,25.48547828949383
CFA3S,17.422,16.4725,15.7963,15.264,16.75029945373535,16.06570053100586,15.711600303649902,15.538399696350098,320.1864776171746,44.32137440244532
CFA3S,16.8995,16.129,15.527300000000002,15.0551,16.466999053955078,15.845600128173828,15.553000450134277,15.419099807739258,320.1451456262844,44.48829888997679
CFA3S,17.678,16.898,16.3038,15.8606,17.180299758911133,16.58300018310547,16.323299407958984,16.18779945373535,320.0863060252506,44.46744729331676
CFA3S,15.293,14.5225,13.9233,13.441,14.84589958190918,14.216899871826172,13.941499710083008,13.78279972076416,320.0787074858156,44.47865622849976
CFA3S,15.3442,14.7763,14.3653,14.0463,15.005000114440918,14.611300468444824,14.47659969329834,14.4552001953125,149.8309071859116,17.794803463370954
CFA3S,14.6092,14.0953,13.7263,13.4413,14.291099548339844,13.950900077819824,13.857199668884277,13.854100227355957,149.80443426133047,17.784584182317197
CFA3S,17.7082,17.2513,16.9233,16.5793,17.428300857543945,17.13759994506836,17.02899932861328,17.01889991760254,149.7689519532747,17.771676393076095
CFA3S,14.7982,14.2853,13.9183,13.6313,14.470399856567383,14.141500473022461,14.032299995422363,14.030799865722656,149.73533878528997,17.78042800202184
CFA3S,17.0072,16.5003,16.121299999999998,15.8093,16.699899673461914,16.35810089111328,16.226200103759766,16.190799713134766,149.7217884897846,17.813844929148534
CFA3S,15.3032,14.7773,14.3843,14.0653,14.97189998626709,14.625699996948242,14.479700088500977,14.444000244140625,149.688361670069,17.805710437140032
CFA3S,15.1992,14.6813,14.2973,14.0123,14.873000144958496,14.536800384521484,14.407899856567383,14.395600318908691,149.68104414095447,17.791283110262636
CFA3S,18.6848,18.066,17.6454,17.2437,18.345600128173828,17.877199172973633,17.69580078125,17.626800537109375,347.7519039736302,7.524468732283323
CFA3S,18.0598,17.357,16.8354,16.3627,17.66309928894043,17.085500717163086,16.83340072631836,16.740999221801758,347.73155514547295,7.491697111575475
CFA3S,17.3218,16.779,16.3724,16.0007,17.00790023803711,16.58639907836914,16.45199966430664,16.3882999420166,347.69735244829235,7.654501268938765
CFA3S,18.6478,17.897,17.408399999999997,16.987699999999997,18.288299560546875,17.75670051574707,17.605300903320312,17.506399154663086,347.6115674716746,7.5517881555639095
CFA3S,16.9183,16.3725,15.9738,15.6375,16.556800842285156,16.19890022277832,16.068199157714844,16.058700561523438,154.34408184159955,60.303577675620225
CFA3S,15.401,14.9525,14.6154,14.3062,15.081199645996094,14.820099830627441,14.720000267028809,14.715900421142578,196.98809615444875,34.15542435303729
CFA3S,16.7837,16.1782,15.7384,15.3643,16.384000778198242,15.957799911499023,15.802399635314941,15.777199745178223,196.98104102481267,34.009570117917264
CFA3S,16.197,15.6565,15.2641,14.9279,15.843000411987305,15.483699798583984,15.365500450134277,15.346599578857422,196.96768232269415,34.13735445251683
CFA3S,18.2587,17.3865,16.7311,16.244200000000003,17.72879981994629,16.980100631713867,16.70490074157715,16.61039924621582,196.9297780713739,34.06036357213874
CFA3S,16.525,15.8112,15.3151,14.9153,16.071800231933594,15.541600227355957,15.353099822998047,15.303000450134277,196.9230104841903,34.06977388185346
CFA3S,18.5027,18.1172,17.7884,17.4649,18.240100860595703,18.03700065612793,17.904600143432617,17.896299362182617,196.8887347673102,34.175204943671375
CFA3S,15.6024,14.9421,14.473,14.0846,15.18529987335205,14.698399543762207,14.530699729919434,14.46619987487793,154.57299023170458,21.819446075164468
CFA3S,15.1261,14.6496,14.3002,13.9894,14.801799774169922,14.494799613952637,14.416099548339844,14.402299880981445,154.55698389054663,21.767547073037875
CFA3S,15.1486,14.4476,13.9407,13.6136,14.695099830627441,14.19219970703125,14.059399604797363,13.984600067138672,154.50287401284737,21.826065287257094
CFA3S,17.958,17.4162,17.0361,16.7172,17.58329963684082,17.239500045776367,17.099700927734375,17.072599411010742,154.49128038506709,21.748121724994352
CFA3S,16.2457,15.6739,15.2863,14.9702,15.839599609375,15.478099822998047,15.359100341796875,15.32979965209961,154.47835758459533,21.785464303052287
CFA3S,14.9662,14.3662,13.9204,13.611,14.568300247192383,14.162500381469727,14.044899940490723,14.005499839782715,154.46875938638544,21.86266827623883
CFA3S,17.037699999999997,16.4182,15.9516,15.560199999999998,16.65239906311035,16.190500259399414,16.00860023498535,15.958700180053711,154.45049864330915,21.900134498049905
CFA3S,15.0817,14.5799,14.1686,13.8704,14.739299774169922,14.390999794006348,14.26449966430664,14.254400253295898,154.4372371743276,21.860193966766094
CFA3S,17.2811,16.4808,15.891899999999998,15.441999999999998,16.807199478149414,16.139799118041992,15.889100074768066,15.77929973602295,216.24965875035605,26.656421177421837
CFA3S,18.1618,17.8138,17.4746,17.1777,17.88680076599121,17.672100067138672,17.598100662231445,17.611099243164062,216.2326235323805,26.685617333685425
CFA3S,16.7673,16.0718,15.5871,15.1915,16.33099937438965,15.823200225830078,15.624300003051758,15.552900314331055,216.1959706463955,26.674163599427136
CFA3S,17.575400000000002,16.9402,16.4857,16.1001,17.178300857543945,16.717599868774414,16.535999298095703,16.472700119018555,216.1880840752034,26.688572367466406
CFA3S,17.7934,16.8253,16.1222,15.5019,17.229900360107422,16.421300888061523,16.01409912109375,15.81410026550293,306.0671623450746,58.30691371066838
CFA3S,16.9564,16.0168,15.3767,14.8462,16.495399475097656,15.708100318908691,15.3302001953125,15.153300285339355,306.0648153539779,58.377656351744655
CFA3S,17.1829,16.2319,15.5454,14.9709,16.633499145507812,15.842300415039062,15.45419979095459,15.27079963684082,306.0506950264461,58.434095696542926
CFA3S,16.1301,14.9345,14.1051,13.4244,15.454899787902832,14.443300247192383,13.94279956817627,13.683300018310547,306.03489591897437,58.345235298938256
CFA3S,17.5427,16.5921,15.927499999999998,15.3977,16.99180030822754,16.218700408935547,15.856300354003906,15.699299812316895,305.9853587088185,58.39151476985122
CFA3S,15.5897,14.8176,14.2564,13.7972,15.128499984741211,14.520899772644043,14.23799991607666,14.128499984741211,305.9774929405669,58.38720032092636
CFA3S,15.8912,15.2353,14.7594,14.3542,15.503800392150879,15.013400077819824,14.785900115966797,14.695099830627441,305.94518432689785,58.40329785696771
CFA3S,17.5117,16.4918,15.7534,15.1649,16.901500701904297,16.04490089416504,15.634499549865723,15.43970012664795,305.9054178630608,58.292883883628576
CFA3S,17.764699999999998,16.8326,16.1577,15.6115,17.196399688720703,16.43239974975586,16.06329917907715,15.888099670410156,305.85250849351587,58.311703289169756
CFA3S,16.8119,15.5069,14.6341,13.9663,16.06290054321289,14.956100463867188,14.484600067138672,14.214500427246094,305.83332417246,58.413867453149045
CFA3S,16.8119,15.5069,14.6341,13.9663,16.02989959716797,14.971199989318848,14.479999542236328,14.20680046081543,305.8333345507026,58.413861501246785
CFA3S,17.829,16.9006,16.2318,15.6673,17.297100067138672,16.52720069885254,16.148300170898438,15.96660041809082,305.80205791471315,58.42393398406317
CFA3S,15.9679,15.1929,14.6344,14.1379,15.542499542236328,14.951700210571289,14.659700393676758,14.526599884033203,305.7906933505951,58.39226652486494
CFA3S,16.2911,15.5204,14.9635,14.5183,15.815400123596191,15.226900100708008,14.978099822998047,14.877799987792969,236.80913595706213,-1.0652022570195736
CFA3S,16.134,15.4832,15.0103,14.6093,15.712699890136719,15.236599922180176,15.032999992370605,14.9576997756958,236.73807063921453,-1.0722687840514025
CFA3S,17.3276,16.5885,16.0609,15.6496,16.845500946044922,16.292999267578125,16.069599151611328,15.9753999710083,236.67986084841044,-1.0722187163203198
CFA3S,14.8447,14.3179,13.9409,13.6368,14.493200302124023,14.152600288391113,14.065400123596191,14.041799545288086,211.71916168733105,-5.448752165346974
CFA3S,16.4604,15.9379,15.5462,15.2258,16.119199752807617,15.768400192260742,15.663200378417969,15.641300201416016,211.71801355273695,-5.492849481426341
CFA3S,15.357,14.7372,14.3019,13.9738,14.95989990234375,14.526200294494629,14.392999649047852,14.370400428771973,211.71654911873856,-5.47475128722513
CFA3S,18.9497,17.8169,16.9472,16.285800000000002,18.350000381469727,17.26289939880371,16.800100326538086,16.57830047607422,211.70329991813782,-5.392929740967404
CFA3S,17.3564,16.8099,16.4039,16.0781,16.984600067138672,16.618000030517578,16.486099243164062,16.46780014038086,211.6870380079397,-5.46974120581176
CFA3S,16.5891,15.9499,15.4916,15.1305,16.18560028076172,15.726900100708008,15.557999610900879,15.50160026550293,211.68249056889297,-5.346736664727202
CFA3S,15.481000000000002,14.6262,14.0229,13.5704,14.959799766540527,14.263299942016602,14.021499633789062,13.8996000289917,211.67319436386998,-5.43349550106546
CFA3S,17.2851,16.7359,16.284200000000002,15.9058,16.94339942932129,16.524999618530273,16.339000701904297,16.288400650024414,211.642737787443,-5.49267517209963
CFA3S,15.2494,15.1102,14.9869,14.9088,15.076399803161621,15.128299713134766,15.213299751281738,15.279399871826172,211.62249715764153,-5.4817547351018
CFA3S,16.824,16.3395,15.958800000000002,15.6727,16.481300354003906,16.164100646972656,16.064300537109375,16.059999465942383,211.61902576729057,-5.459259431321519
CFA3S,17.7317,16.8152,16.1372,15.6641,17.1919002532959,16.409500122070312,16.117799758911133,15.998200416564941,211.61748938645874,-5.414230547012621
CFA3S,14.9827,14.4839,14.1102,13.8025,14.635100364685059,14.3100004196167,14.193599700927734,14.177399635314941,211.61396346891905,-5.506510188329067
CFA3S,18.2073,17.3045,16.6428,16.1657,17.68869972229004,16.918399810791016,16.64299964904785,16.488300323486328,211.60292272112667,-5.46751686634842
CFA3S,17.0707,16.6435,16.2932,15.9961,16.765399932861328,16.48870086669922,16.39550018310547,16.383499145507812,211.58404169090673,-5.404419963914543
CFA3S,17.2994,16.8932,16.5552,16.2674,17.012399673461914,16.759599685668945,16.670700073242188,16.659799575805664,211.58398483246782,-5.4534930951363965
CFA3S,16.2867,15.7332,15.3299,15.0074,15.917799949645996,15.548100471496582,15.416099548339844,15.388099670410156,211.5627479743974,-5.392082628606486
CFA3S,17.2777,16.7597,16.3826,16.0233,16.933000564575195,16.606399536132812,16.48590087890625,16.479000091552734,244.2328016588142,35.673420924502004
CFA3S,17.264,16.633,16.1799,15.779,16.844200134277344,16.416200637817383,16.24489974975586,16.195499420166016,244.2199605412343,35.79447379144255
CFA3S,16.5696,15.9793,15.5515,15.1729,16.181299209594727,15.78380012512207,15.6318998336792,15.594799995422363,244.21104306179848,35.778756298194466
CFA3S,15.1843,14.507,14.0442,13.6416,14.749600410461426,14.278200149536133,14.099900245666504,14.069499969482422,244.20685001624645,35.6486411406214
CFA3S,16.0016,15.4303,15.0225,14.6513,15.603899955749512,15.228500366210938,15.082900047302246,15.052800178527832,244.13078595455715,35.63799008411946
CFA3S,17.3383,16.777,16.3765,-982.223,16.947799682617188,16.58289909362793,16.462099075317383,16.4468994140625,244.12626152767365,35.69012359919733
CFA3S,16.5537,15.8467,15.3439,14.9223,16.098899841308594,15.582200050354004,15.377799987792969,15.30780029296875,244.0856652600637,35.759007750882915
CFA3S,17.297,16.7407,16.3392,15.969,16.91860008239746,16.550100326538086,16.41900062561035,16.386600494384766,244.07631186451903,35.74059181183868
CFA3S,18.3287,17.7117,17.2822,16.941300000000002,17.90519905090332,17.493999481201172,17.340200424194336,17.322599411010742,244.06715039407334,35.71954111397223
CFA3S,18.2989,17.6943,17.281499999999998,16.894599999999997,17.90530014038086,17.507099151611328,17.353599548339844,17.335500717163086,244.04380845349695,35.74176126461922
CFA3S,18.0726,17.4905,17.0664,16.721700000000002,17.731800079345703,17.355499267578125,17.191699981689453,17.15399932861328,198.30345430305238,-19.521825487710966
CFA3S,18.0333,17.4278,16.9737,16.573,17.67650032043457,17.23889923095703,17.0664005279541,16.99720001220703,198.27894445763843,-19.499003896411367
CFA3S,15.0096,14.5805,14.2481,13.9717,14.726300239562988,14.492799758911133,14.427900314331055,14.423999786376953,198.27357060544693,-19.522740995339788
CFA3S,17.8157,17.0712,16.547800000000002,16.123800000000003,17.379600524902344,16.827699661254883,16.6210994720459,16.540700912475586,198.24470724114465,-19.467852294617877
CFA3S,17.4738,16.7541,16.225900000000003,15.828400000000002,17.046600341796875,16.513200759887695,16.29960060119629,16.21649932861328,198.18496461334516,-19.57073186833911
CFA3S,15.6136,14.9879,14.5025,14.0907,15.277299880981445,14.769000053405762,14.60669994354248,14.492400169372559,299.1749671721374,40.41227687166302
CFA3S,18.1926,17.5229,16.9645,16.5747,17.78820037841797,17.26460075378418,17.016199111938477,16.894899368286133,299.17148663636556,40.419991226390444
CFA3S,17.744600000000002,16.9509,16.3775,15.9247,17.33799934387207,16.68720054626465,16.426000595092773,16.308000564575195,299.1696252295462,40.368026661269745
CFA3S,16.145,15.0163,14.2503,13.6457,15.507200241088867,14.552499771118164,14.15410041809082,13.92590045928955,299.1289748192875,40.43845808529076
CFA3S,16.808,16.1723,15.697,15.308,16.467199325561523,15.97920036315918,15.794699668884277,15.705499649047852,299.04321002103785,40.51871247535474
CFA3S,16.0509,15.4139,14.9296,14.521,15.650099754333496,15.16189956665039,14.967900276184082,14.867199897766113,299.0225153890676,40.36692433320986
CFA3S,15.9857,15.3453,14.8576,14.4477,15.636099815368652,15.074199676513672,15.181400299072266,15.265000343322754,299.0194777168379,40.41895135299425
CFA3S,15.741,14.9133,14.3403,13.8884,15.282099723815918,14.61709976196289,14.37440013885498,14.250399589538574,299.0000480155979,40.413450157616886
CFA3S,17.444599999999998,16.7246,16.173299999999998,15.714,17.014400482177734,16.42650032043457,16.236299514770508,16.06760025024414,298.9822025824957,40.41870526206026
CFA3S,16.6729,16.0189,15.5209,15.1223,16.324399948120117,15.819499969482422,15.591500282287598,15.505200386047363,298.97838250307257,40.50982302098747
CFA3S,15.889,15.5913,15.1683,14.8487,16.10810089111328,15.577300071716309,15.34570026397705,15.250300407409668,298.97056325023175,40.38274278316818
CFA3S,17.3813,16.6926,16.189899999999998,15.758299999999998,16.961299896240234,16.454599380493164,16.231599807739258,16.14620018005371,298.96204178882397,40.51384741341721
CFA3S,15.5449,15.2399,14.9979,14.7386,15.3818998336792,15.257699966430664,15.294300079345703,15.287599563598633,298.95214235269253,40.45715677579294
CFA3S,16.7852,15.4616,14.3381,13.2408,16.10070037841797,14.880900382995605,13.889599800109863,13.420299530029297,352.12577686349175,22.468137560592478
CFA3S,14.5992,14.0636,13.6241,13.3108,14.18809986114502,13.813400268554688,13.675600051879883,13.644800186157227,352.1178796766743,22.49855418191146
CFA3S,16.5332,15.8026,15.2891,14.7898,16.07740020751953,15.53969955444336,15.305100440979004,15.203100204467773,352.08611623926737,22.47208420113981
CFA3S,18.1792,17.6166,17.228099999999998,16.776799999999998,17.836599349975586,17.492000579833984,17.355499267578125,17.340200424194336,352.0715330765833,22.480410329373893
CFA3S,14.3022,13.7216,13.4341,13.1108,13.917400360107422,-999.0,-999.0,13.299799919128418,352.0647774915554,22.371749280770675
CFA3S,16.7002,16.0596,15.6161,15.2138,16.283000946044922,15.834199905395508,15.665800094604492,15.622699737548828,352.03868232472746,22.361604933674595
CFA3S,16.5382,15.9106,15.4471,14.9998,16.146699905395508,15.683699607849121,15.48840045928955,15.42240047454834,352.035972964103,22.4436360369515
CFA3S,17.2122,16.4636,15.8801,15.3368,16.75480079650879,16.136699676513672,15.860899925231934,15.73449993133545,352.02460205514654,22.516251777951542
CFA3S,15.169,14.6699,14.3013,13.9769,14.84749984741211,14.535499572753906,14.418000221252441,14.399800300598145,51.06981647753847,40.63030755284039
CFA3S,17.4154,16.9826,16.649700000000003,16.383200000000002,17.489599227905273,17.06800079345703,16.899200439453125,16.836599349975586,51.06943575883653,40.5743359458815
CFA3S,18.6287,17.8969,17.346999999999998,16.8935,18.148799896240234,17.5935001373291,17.369300842285156,17.262100219726562,51.0669206842077,40.49618946310216
CFA3S,17.1311,16.2326,15.608,15.079900000000002,16.595699310302734,15.904500007629395,15.574899673461914,15.423999786376953,51.064707448352934,40.6098213636937
CFA3S,15.2184,14.7793,14.447,14.1446,14.920999526977539,14.666199684143066,14.592599868774414,14.599800109863281,51.0638942611094,40.51700201952466
CFA3S,17.8574,17.0386,16.456,15.9846,17.371200561523438,16.706899642944336,16.47640037536621,16.364599227905273,51.06323950028102,40.59942153482938
CFA3S,17.346,16.4959,15.9043,15.403899999999998,16.834199905395508,16.167800903320312,15.896200180053711,15.767200469970703,51.05782169764337,40.54369862981721
CFA3S,16.802,15.7879,15.0783,14.4839,16.20989990234375,15.39799976348877,15.003499984741211,14.814000129699707,51.051727230962605,40.63347698796264
CFA3S,18.1547,17.3276,16.767,16.2862,17.661800384521484,17.0408992767334,16.772300720214844,16.650400161743164,51.04807674035391,40.52659643548524
CFA3S,18.013099999999998,17.1226,16.480999999999998,15.9426,17.476699829101562,16.77389907836914,16.43470001220703,16.276599884033203,51.04498658812648,40.64368086606683
CFA3S,17.9824,17.1359,16.538,16.0399,17.480899810791016,16.78380012512207,16.516199111938477,16.39590072631836,51.04443879615075,40.58167977398502
CFA3S,14.6108,14.2053,13.8997,13.6229,14.334799766540527,14.104900360107422,14.045900344848633,14.06879997253418,51.02491245634918,40.62967765781338
CFA3S,15.7304,15.2913,14.945,14.6319,15.428000450134277,15.148099899291992,15.067700386047363,15.04800033569336,51.023667781100336,40.6029754763958
CFA3S,15.8621,15.0793,14.535,14.0993,15.402299880981445,14.803299903869629,14.568900108337402,14.47029972076416,51.0227009121471,40.63432858382598
CFA3S,17.0521,16.3153,15.7864,15.3309,16.615800857543945,16.06089973449707,15.816300392150879,15.747599601745605,50.996182566268075,40.62268965354596
CFA3S,17.7774,16.9679,16.3796,15.8895,17.263399124145508,16.601299285888672,16.342199325561523,16.24250030517578,50.99383307587287,40.604994209363035
CFA3S,16.7907,16.3669,16.065,15.780500000000002,16.488100051879883,16.253400802612305,16.202600479125977,16.21139907836914,50.98494966210665,40.49971940235784
CFA3S,16.2764,15.6273,15.1607,14.7603,15.85830020904541,15.399700164794922,15.215900421142578,15.14799976348877,50.97614714014648,40.49637438112015
CFA3S,15.7117,15.1299,14.7006,14.3232,15.34630012512207,14.933799743652344,14.77750015258789,14.719300270080566,50.95833563787138,40.585651864458214
CFA3S,18.3218,17.6743,17.150399999999998,16.756899999999998,17.96579933166504,17.565399169921875,17.31399917602539,17.290000915527344,50.95796617190895,40.60138161911654
CFA3S,18.3494,17.7643,17.3384,16.9503,17.964799880981445,17.621000289916992,17.375,17.36669921875,50.91138269006571,40.49424416068325
CFA3S,15.5604,14.6139,13.9866,13.4952,14.978599548339844,14.248200416564941,13.963399887084961,13.827899932861328,50.91133804560525,40.507160222472635
CFA3S,16.2104,15.5733,15.1144,14.7283,15.840700149536133,15.349900245666504,15.174699783325195,15.113300323486328,50.89133651375093,40.58065855561172
CFA3S,17.4657,16.4729,15.73,15.1325,16.88249969482422,16.039899826049805,15.64050006866455,15.450499534606934,50.882818042826074,40.585229652255286
CFA3S,17.2558,16.5383,16.025,15.6209,16.817100524902344,16.26289939880371,16.05229949951172,15.965200424194336,50.874298701696,40.50295009107936
CFA3S,17.4475,16.8762,16.474,16.108,17.08679962158203,16.70949935913086,16.573999404907227,16.533700942993164,27.535949454214947,32.58914169817066
CFA3S,16.9058,16.3032,15.882,15.5197,16.533700942993164,16.122100830078125,15.974900245666504,15.930299758911133,27.52292710371043,32.708721259910625
CFA3S,17.2325,16.5575,16.1046,15.7216,16.80970001220703,16.33880043029785,16.170499801635742,16.125900268554688,27.519671706314238,32.594565191562104
CFA3S,15.9678,15.0762,14.461,13.9183,15.430299758911133,14.73390007019043,14.401100158691406,14.245800018310547,27.504201287561965,32.570411569459424
CFA3S,17.181900000000002,16.3989,15.843000000000002,15.3954,16.70840072631836,16.10890007019043,15.88700008392334,15.775199890136719,27.502657763329218,32.671594058500865
CFA3S,15.1352,14.6642,14.3107,14.003,14.823699951171875,14.527199745178223,14.432100296020508,14.425600051879883,27.48991154101771,32.653575757054185
CFA3S,17.216,16.4642,15.950500000000002,15.543,16.701799392700195,16.145299911499023,15.949799537658691,15.878399848937988,27.474291463290353,32.54171038293595
CFA3S,15.5682,14.9902,14.6313,14.3607,15.184800148010254,14.848400115966797,14.734199523925781,14.71619987487793,27.39991415739176,32.700945120453554
CFA3S,16.8578,16.0962,15.6103,15.2457,16.364599227905273,15.856100082397461,15.637299537658691,15.558300018310547,27.34991691579291,32.60422350940924
CFA3S,16.7399,16.0995,15.6322,15.2387,16.362199783325195,15.883899688720703,15.693900108337402,15.628299713134766,29.565307960542626,36.26078653458369
CFA3S,16.0,15.2612,14.7489,14.3294,15.566800117492676,15.004199981689453,14.790900230407715,14.71399974822998,29.56440792908506,36.39515047367711
CFA3S,16.7859,15.9505,15.3815,14.927,16.29450035095215,15.65410041809082,15.391799926757812,15.29740047454834,29.55506726148385,36.38861195305994
CFA3S,17.2346,16.3348,15.686800000000002,15.185300000000002,16.726499557495117,15.970199584960938,15.669599533081055,15.530699729919434,29.553397227536934,36.272828786752484
CFA3S,18.4686,17.9015,17.479799999999997,17.087999999999997,18.096200942993164,17.70800018310547,17.51919937133789,17.4689998626709,29.524185234997756,36.2700551763539
CFA3S,14.5953,14.0475,13.6675,13.3273,14.258999824523926,13.881699562072754,13.76360034942627,13.731300354003906,29.517655303542018,36.40830318758034
CFA3S,15.6476,15.0272,14.5885,14.2257,15.265399932861328,14.829000473022461,14.663200378417969,14.615300178527832,29.515005738166728,36.35218190128772
CFA3S,18.1572,17.5278,17.094099999999997,16.683999999999997,17.769500732421875,17.321399688720703,17.118200302124023,17.036800384521484,29.500120402518593,36.365429111682936
CFA3S,15.9616,15.5252,15.1935,14.902,15.6628999710083,15.398200035095215,15.32129955291748,15.319499969482422,29.489323883798193,36.27567601916665
CFA3S,16.7213,15.8705,15.2832,14.7903,16.215299606323242,15.557999610900879,15.2568998336792,15.11340045928955,29.483533377737746,36.323357800638384
CFA3S,17.9156,17.0772,16.4422,15.889400000000002,17.43000030517578,16.74650001525879,16.395700454711914,16.212799072265625,29.475569234615435,36.398884478982346
CFA3S,17.5096,16.8692,16.413899999999998,16.0157,17.097999572753906,16.645099639892578,16.465599060058594,16.39550018310547,29.465192215540135,36.270461658286216
CFA3S,17.210900000000002,16.0618,15.2085,14.5833,16.597700119018555,15.53499984741211,15.089699745178223,14.890399932861328,29.463941111125326,36.358103743793635
CFA3S,16.1926,15.5368,15.0758,14.6773,16.017499923706055,15.324999809265137,15.128800392150879,15.04990005493164,29.449411908500615,36.36981610465884
CFA3S,16.023600000000002,15.4036,14.9762,14.6455,15.655200004577637,15.216899871826172,15.064599990844727,15.032500267028809,29.44864436234731,36.43272183849517
CFA3S,16.355,15.8562,15.4739,15.142,16.043399810791016,15.693900108337402,15.561100006103516,15.531599998474121,29.438964893444588,36.347473505383014
CFA3S,17.113599999999998,16.2028,15.5441,15.1336,16.584199905395508,15.820500373840332,15.509099960327148,15.38070011138916,29.42919784023287,36.31589475490052
CFA3S,17.9441,16.8581,16.0167,15.3434,17.408100128173828,16.38800048828125,15.910400390625,15.637700080871582,29.420364477945714,36.432560984709454
CFA3S,14.8356,14.1365,13.6705,13.2553,14.415900230407715,13.90410041809082,13.728799819946289,13.65310001373291,29.419525661433205,36.384467985486786
CFA3S,15.8742,15.2848,14.8655,14.5096,15.506500244140625,15.09589958190918,14.93850040435791,14.901399612426758,29.416149586546144,36.357483431162194
CFA3S,17.811899999999998,17.0708,16.563499999999998,16.148999999999997,17.353300094604492,16.800100326538086,16.59119987487793,16.5093994140625,29.387929465998358,36.34771598471501
CFA3S,15.9942,15.3177,14.8343,14.4466,15.563699722290039,15.066200256347656,14.86340045928955,14.79520034790039,29.372900513648666,36.26213519377194
CFA3S,17.5161,16.7526,16.217200000000002,15.81,17.02519989013672,16.460399627685547,16.241100311279297,16.14929962158203,29.33955801440391,36.36870752820526
CFA3S,14.6603,14.1969,13.8329,13.5226,14.343099594116211,14.047200202941895,13.94890022277832,13.954400062561035,311.89022185976523,0.28138629321271336
CFA3S,17.968899999999998,17.1862,16.6232,16.1266,17.48590087890625,16.892900466918945,16.638999938964844,16.531999588012695,311.8866982196166,0.320382485608877
CFA3S,17.0973,16.1239,15.4789,15.0086,16.469100952148438,15.68589973449707,15.388400077819824,15.274499893188477,311.87454708714534,0.4029904350054873
CFA3S,15.226,14.6469,14.2325,13.887,14.853799819946289,14.458800315856934,14.31820011138916,14.298299789428711,311.8577218539739,0.3234741267300592
CFA3S,17.5979,16.8585,16.3508,15.9369,17.14430046081543,16.601200103759766,16.391599655151367,16.32390022277832,311.8550213883319,0.26947351759024923
CFA3S,15.8629,15.2755,14.8518,14.480899999999998,15.49370002746582,15.082599639892578,14.927399635314941,14.888699531555176,311.84155556084613,0.3585332665390516
CFA3S,16.753999999999998,16.0429,15.5599,15.183,16.30620002746582,15.794400215148926,15.61340045928955,15.565099716186523,311.8398413073323,0.2500685006913543
CFA3S,16.8079,16.0212,15.4882,15.0793,16.33009910583496,15.749500274658203,15.546799659729004,15.472900390625,311.8252133053019,0.34235234712695717
CFA3S,16.8646,16.6465,16.490099999999998,16.3359,16.63960075378418,16.621999740600586,16.67729949951172,16.750499725341797,311.80811977313203,0.28533904117880493
CFA3S,15.5802,14.5535,13.8531,13.2902,14.973699569702148,14.151100158691406,13.769000053405762,13.600199699401855,311.80620227201706,0.3219624672111105
CFA3S,16.595200000000002,15.8885,15.3961,15.0032,16.170900344848633,15.669500350952148,15.470800399780273,15.416899681091309,311.8033652295638,0.3874938937883615
CFA3S,18.2003,17.5412,17.0992,16.7283,17.773700714111328,17.322200775146484,17.16469955444336,17.108999252319336,311.78044335291054,0.24409796379851142
CFA3S,15.0873,14.5099,14.0959,13.747,14.71150016784668,14.308199882507324,14.160200119018555,14.141599655151367,311.75875762076095,0.2979342677077779
CFA3S,15.8129,15.1972,14.7562,14.3906,15.405799865722656,14.972999572753906,14.803899765014648,14.760899543762207,311.7579120742985,0.23683011224991662
CFA3S,17.495,16.8289,16.358900000000002,15.9543,17.086200714111328,16.59429931640625,16.399499893188477,16.32819938659668,311.757342407932,0.32451089640290065
CFA3S,18.0256,17.4029,16.9609,16.5706,17.623699188232422,17.173999786376953,17.004499435424805,16.96139907836914,311.74656148970115,0.3039983496960726
CFA3S,17.1146,16.1925,15.5375,15.018199999999998,16.571399688720703,15.806500434875488,15.493900299072266,15.350099563598633,311.74021757554374,0.32114424978217043
CFA3S,16.2193,16.1559,16.1019,16.057,16.099700927734375,16.2460994720459,16.40570068359375,16.50779914855957,311.73346006926727,0.29417469141013325
CFA3S,16.6671,15.9924,15.5073,15.0816,16.266799926757812,15.769000053405762,15.55270004272461,15.492400169372559,133.59921832788615,-7.250414334405417
CFA3S,16.9635,16.1695,15.6166,15.1816,16.483999252319336,15.873800277709961,15.652600288391113,15.579000473022461,133.58907272617327,-7.175547293607266
CFA3S,15.632,15.186,14.8646,14.5676,15.356300354003906,15.07450008392334,14.992600440979004,15.003700256347656,133.58324533839723,-7.15349088858564
CFA3S,17.628500000000003,16.8365,16.2876,15.842,17.167800903320312,16.54129981994629,16.307600021362305,16.22570037841797,133.57816607655732,-7.179312935013327
CFA3S,16.8855,16.177,15.6986,15.296,16.411100387573242,15.913299560546875,15.727999687194824,15.676199913024902,133.5737023384879,-7.117370450290554
CFA3S,16.703500000000002,16.201,15.8346,15.4995,16.384599685668945,16.02429962158203,15.92240047454834,15.913200378417969,133.56535616864272,-7.112887614901314
CFA3S,15.7665,15.146,14.734100000000002,14.3826,15.375,14.942099571228027,14.793299674987793,14.77970027923584,133.5367517043445,-7.2678953047277455
CFA3S,15.7865,14.996,14.4636,14.0,15.294099807739258,14.703200340270996,14.459400177001953,14.349599838256836,133.52451292218367,-7.222593154033845
CFA3S,17.7075,16.993,16.4911,16.0736,17.22599983215332,16.703800201416016,16.500900268554688,16.446500778198242,133.5214868237913,-7.194443229467004
CFA3S,18.3275,17.7645,17.3606,16.9526,17.969100952148438,17.543100357055664,17.38520050048828,17.348499298095703,133.51227550607248,-7.1361902840568945
CFA3S,16.7595,16.2425,15.8741,15.5491,16.42770004272461,16.07360076904297,15.967900276184082,15.958600044250488,133.51150190872065,-7.122209300343097
CFA3S,14.9155,14.3115,13.8951,13.5395,14.536399841308594,14.107000350952148,13.955400466918945,13.934599876403809,133.50789204578916,-7.241288723413303
CFA3S,17.382,16.661,16.1536,15.7526,17.018699645996094,16.421100616455078,16.180400848388672,16.088199615478516,133.5020908114835,-7.195168802879611
CFA3S,15.2705,14.711,14.3176,13.9736,14.91919994354248,14.52929973602295,14.406200408935547,14.37720012664795,133.4998485072452,-7.129027506522574
CFA3S,16.1265,15.6055,15.2401,14.9146,15.813199996948242,15.447400093078613,15.335100173950195,15.309399604797363,133.49862075571164,-7.166142347277486
CFA3S,16.2025,15.166,14.3996,13.8375,15.612299919128418,14.676300048828125,14.309200286865234,14.15310001373291,133.47025525475973,-7.226478264696793
CFA3S,16.988,16.277,15.8121,15.447500000000002,16.540700912475586,16.025299072265625,15.849499702453613,15.806500434875488,133.45182104898413,-7.220097450677414
CFA3S,14.622,14.1035,13.7376,13.493,14.253499984741211,13.926199913024902,13.841400146484375,13.841699600219727,133.44346102312855,-7.272205118856942
CFA3S,14.537,13.98,13.5756,13.2575,14.174699783325195,13.789199829101562,13.689399719238281,13.650699615478516,133.43094540715825,-7.1906195222653055
CFA3S,17.131,16.543,16.1326,15.792,16.74220085144043,16.342100143432617,16.200899124145508,16.16390037536621,133.4294993699184,-7.226347319973025
CFA3S,17.6957,16.9381,16.4212,16.0032,17.257699966430664,16.702699661254883,16.476200103759766,16.39940071105957,34.695211414316276,37.39544361555792
CFA3S,16.956400000000002,16.3503,15.9102,15.5352,16.628999710083008,16.189300537109375,16.00200080871582,15.933899879455566,34.692739991272084,37.43162173966476
CFA3S,18.2942,17.5896,17.076,16.6427,17.89579963684082,17.380699157714844,17.134700775146484,17.052600860595703,34.68831569673489,37.40456153137537
CFA3S,18.0138,17.1116,16.447499999999998,15.963,17.512399673461914,16.734699249267578,16.435100555419922,16.33799934387207,34.68836782013459,37.50363699103127
CFA3S,18.1233,17.5674,17.148,16.803,17.776100158691406,17.388200759887695,17.235200881958008,17.167999267578125,34.68332069792683,37.51220574308536
CFA3S,17.7115,17.0101,16.558,16.2117,17.244300842285156,16.77079963684082,16.58930015563965,16.527999877929688,34.67571902063322,37.385616734758536
CFA3S,15.6895,15.0831,14.6715,14.3255,15.319999694824219,14.909500122070312,14.77239990234375,14.741000175476074,34.66553422960087,37.493146907790184
CFA3S,17.9563,17.4504,17.0733,16.7183,17.649999618530273,17.29170036315918,17.161699295043945,17.11370086669922,34.65657123389032,37.43848746277194
CFA3S,16.6428,16.0084,15.558500000000002,15.185000000000002,16.26129913330078,15.7947998046875,15.62720012664795,15.575499534606934,34.6307674903657,37.46779118831871
CFA3S,16.4782,15.9251,15.5152,15.1714,16.14069938659668,15.76140022277832,15.617500305175781,15.590900421142578,34.62814531476412,37.55385987374261
CFA3S,15.5793,15.1001,14.7477,14.4307,15.258199691772461,14.968000411987305,14.852700233459473,14.848400115966797,34.627883540906325,37.391343115126126
CFA3S,16.3963,15.4824,14.8388,14.3455,15.86989974975586,15.125499725341797,14.830599784851074,14.704500198364258,34.62694567673927,37.54301122384129
CFA3S,17.244999999999997,16.8131,16.5037,16.2487,16.95039939880371,16.716299057006836,16.650400161743164,16.6481990814209,34.62523176765828,37.42715260904877
CFA3S,17.2301,16.3359,15.701999999999998,15.211,16.69529914855957,15.96660041809082,15.674599647521973,15.562899589538574,34.622782247384336,37.39860945844752
CFA3S,16.3148,15.3666,14.75,14.2375,15.752699851989746,15.038700103759766,14.724599838256836,14.576700210571289,34.61771031427508,37.5095064890054
CFA3S,15.2267,14.6488,14.2422,13.8964,14.8548002243042,14.461899757385254,14.330100059509277,14.2923002243042,34.5918599622288,37.38838186647708
CFA3S,14.59,14.1581,13.8357,13.547,14.305000305175781,14.055299758911133,13.970000267028809,13.974699974060059,34.580130927998496,37.5157266987897
CFA3S,16.4062,15.4896,14.8475,14.363,15.861700057983398,15.130599975585938,14.826600074768066,14.725700378417969,34.5757544384569,37.499958087925876
CFA3S,18.4795,17.9478,17.5687,17.2437,18.16200065612793,17.793699264526367,17.666200637817383,17.635000228881836,34.56737598761174,37.531803615594406
CFA3S,16.7895,16.2779,15.9065,15.579,16.46310043334961,16.12980079650879,15.992799758911133,15.986700057983398,34.55071192260727,37.47754709796698
CFA3S,17.6871,16.7409,16.0525,15.4943,17.142200469970703,16.32740020751953,15.968600273132324,15.81149959564209,34.5414468067573,37.388376477516644
CFA3S,17.633,17.0731,16.688,16.3532,17.26569938659668,16.900299072265625,16.767099380493164,16.75659942626953,34.539811332968405,37.40276356857095
CFA3S,16.1962,15.6988,15.3389,15.0218,15.887200355529785,15.56779956817627,15.440500259399414,15.431599617004395,34.4904982477146,37.48724473917452
CFA3S,16.3546,15.8155,15.426,15.1208,15.99020004272461,15.63070011138916,15.503399848937988,15.492500305175781,34.48349244719731,37.410387664124215
CFA3S,18.5923,17.9189,17.6068,17.2483,18.098499298095703,17.70639991760254,17.547500610351562,17.52560043334961,34.4777033263491,37.42671838900181
CFA3S,16.8228,16.1869,15.7367,15.3623,16.446800231933594,15.9753999710083,15.815299987792969,15.763199806213379,34.4713871370023,37.556211006866604
CFA3S,18.3568,17.8299,17.453799999999998,17.126299999999997,18.030399322509766,17.659700393676758,17.522300720214844,17.504199981689453,34.46483439205657,37.416728009842416
CFA3S,18.1125,17.4272,16.9423,16.482499999999998,17.730899810791016,17.22879981994629,16.98979949951172,16.8799991607666,1.7801285121033346,8.576938832392708
CFA3S,17.952,17.0227,16.3688,15.879,17.443300247192383,16.659500122070312,16.3789005279541,16.257099151611328,1.766896935727113,8.553273780518092
CFA3S,15.2775,14.3487,13.6683,13.1635,14.77750015258789,13.968600273132324,13.647600173950195,13.525099754333496,1.7627809419778877,8.690491261554786
CFA3S,18.541,17.9457,17.4304,17.014999999999997,18.19729995727539,17.697999954223633,17.48509979248047,17.41790008544922,1.7437234585447687,8.627780042550317
CFA3S,15.734,14.8557,14.2463,13.75,15.250699996948242,14.550999641418457,14.252099990844727,14.123100280761719,1.7378477392491223,8.708651243035728
CFA3S,17.844,16.9922,16.392400000000002,15.896,17.339000701904297,16.672100067138672,16.369600296020508,16.234800338745117,1.7028244296335957,8.605741495562617
CFA3S,15.3295,14.5932,14.0863,13.6845,14.909899711608887,14.353500366210938,14.149700164794922,14.082799911499023,1.6893572941332768,8.70913968493503
CFA3S,16.9215,16.0562,15.4658,15.017,16.412200927734375,15.74020004272461,15.48840045928955,15.393600463867188,1.6732029899223206,8.68869965424362
CFA3S,17.9345,17.1727,16.6618,16.2605,17.473800659179688,16.925800323486328,16.708799362182617,16.63629913330078,1.6590341888917042,8.561369061248776
CFA3S,15.4355,14.7857,14.3264,13.95,15.063400268554688,14.593799591064453,14.4128999710083,14.36520004272461,1.646879681967554,8.699305387037443
CFA3S,17.636400000000002,17.0817,16.7005,16.3439,17.304100036621094,16.92970085144043,16.797300338745117,16.778799057006836,20.395384575968446,40.48134519550816
CFA3S,17.7627,17.0305,16.5378,16.1059,17.31839942932129,16.778799057006836,16.563899993896484,16.497600555419922,20.36418167654575,40.54771378659581
CFA3S,17.6112,16.7391,16.1161,15.6303,17.089799880981445,16.378000259399414,16.11280059814453,16.009899139404297,20.355992372318962,40.43361006786548
CFA3S,18.3261,17.85,17.443,17.0847,18.012500762939453,17.683700561523438,17.56920051574707,17.561199188232422,20.35157565087841,40.44347801427542
CFA3S,14.2199,13.782,13.4485,13.1581,13.936300277709961,13.694700241088867,13.593099594116211,13.618399620056152,20.34233855771847,40.476345905824545
CFA3S,18.3552,17.7915,17.3833,17.0129,18.020200729370117,17.618900299072266,17.488399505615234,17.467199325561523,20.34221544787194,40.56784443887429
CFA3S,16.9564,16.089,15.461999999999998,15.0026,16.384899139404297,15.665800094604492,15.408699989318848,15.310799598693848,20.333789176095806,40.527354287768794
CFA3S,18.3854,17.947,17.6328,17.363599999999998,18.1023006439209,17.855600357055664,17.779600143432617,17.802900314331055,20.32769971475152,40.5600074696966
CFA3S,17.758699999999997,16.961,16.376299999999997,15.921699999999998,17.297399520874023,16.647199630737305,16.395299911499023,16.305500030517578,20.316931674683286,40.514748205484885
CFA3S,18.1984,17.7195,17.374,17.0421,17.878000259399414,17.57740020751953,17.454200744628906,17.43470001220703,20.24656256438992,40.419778957558485
CFA3S,17.8609,17.3362,16.9406,16.584300000000002,17.506500244140625,17.13290023803711,17.017200469970703,16.972200393676758,99.41175658207072,49.86750566278354
CFA3S,17.0346,16.1709,15.588,15.0938,16.491600036621094,15.83430004119873,15.552000045776367,15.429100036621094,99.3795647383127,49.841001720069
CFA3S,18.3039,17.5159,16.987499999999997,16.5778,17.80590057373047,17.21739959716797,17.010400772094727,16.93079948425293,99.26620711124563,49.907468749129244
CFA3S,15.7624,15.1859,14.7748,14.4173,15.396499633789062,14.992799758911133,14.852899551391602,14.82040023803711,99.2659676146228,49.8946097310643
CFA3S,17.0789,16.2972,15.7621,15.3418,16.595600128173828,16.016799926757812,15.78600025177002,15.708100318908691,99.23141759774236,49.924152822172594
CFA3S,16.4052,15.6281,15.0738,14.6459,15.940299987792969,15.324299812316895,15.109199523925781,15.02299976348877,144.76472993638777,-4.875307277996046
CFA3S,14.8006,14.1589,13.7044,13.3489,14.40310001373291,13.944499969482422,13.80840015411377,13.765700340270996,144.75728179578527,-4.882491412692194
CFA3S,16.7284,15.9699,15.439800000000002,15.0323,16.27090072631836,15.678400039672852,15.498800277709961,15.420999526977539,144.75120025877447,-4.848800841190457
CFA3S,14.53,14.0701,13.7086,13.4267,14.226300239562988,13.934900283813477,13.847299575805664,13.847599983215332,144.70918297103532,-4.806049025864748
CFA3S,17.2022,16.5635,16.131,15.8035,16.752300262451172,16.300800323486328,16.167499542236328,16.108600616455078,144.70280191919434,-4.824008207482244
CFA3S,15.663,15.0559,14.643,14.3095,15.25,14.841400146484375,14.70300006866455,14.683300018310547,144.69838140125756,-4.863969576177368
CFA3S,15.2558,14.7295,14.3096,13.9431,14.912799835205078,14.530599594116211,14.386899948120117,14.340100288391113,144.67830648391856,-4.817861366089794
CFA3S,18.1231,17.5106,17.0619,16.6918,17.743900299072266,17.291900634765625,17.152299880981445,17.09760093688965,233.1768818094157,68.20246527412552
CFA3S,17.5667,16.8412,16.3461,15.9284,17.113300323486328,16.57200050354004,16.398000717163086,16.313800811767578,233.1529195747321,68.18854082061921
CFA3S,15.462,14.8605,14.422,14.0795,15.071999549865723,14.63290023803711,14.469900131225586,14.433300018310547,260.7946253469614,62.14264334983247
CFA3S,15.475,14.7753,14.3063,13.9588,15.053199768066406,14.545000076293945,14.381999969482422,14.33650016784668,260.77797921041355,62.25457906771133
CFA3S,18.1217,17.7789,17.4327,17.2274,18.17009925842285,17.775999069213867,17.616100311279297,17.568199157714844,260.76431675493086,62.18021079988425
CFA3S,16.9473,16.3571,15.9591,15.6901,16.468299865722656,16.08769989013672,15.946700096130371,15.916500091552734,260.7550645347008,62.19732261009607
CFA3S,17.2541,16.7118,16.314,15.9613,16.905899047851562,16.53730010986328,16.38990020751953,16.35460090637207,260.74755255929756,62.21874757571423
CFA3S,15.9887,15.4705,15.1005,14.7803,15.656299591064453,15.321999549865723,15.206399917602539,15.189399719238281,260.7208565796732,62.22836527583085
CFA3S,17.3093,16.5313,15.996300000000002,15.563300000000002,16.814199447631836,16.238800048828125,16.00200080871582,15.897700309753418,260.6814470060482,62.19212977157729
CFA3S,15.0207,14.5175,14.1607,13.8658,14.689800262451172,14.365900039672852,14.267000198364258,14.254400253295898,260.66064770753337,62.15353151656359
CFA3S,16.8794,16.0706,15.4866,15.0139,16.40049934387207,15.759099960327148,15.474200248718262,15.349300384521484,260.65360202343044,62.250339313981875
CFA3S,15.5468,14.9978,14.6038,14.2811,15.214599609375,14.815099716186523,14.67650032043457,14.65060043334961,260.64532189839446,62.13871127868202
CFA3S,18.690900000000003,18.0374,17.53,17.125500000000002,18.28339958190918,17.793100357055664,17.559999465942383,17.462400436401367,146.78962755790147,16.122989523725327
CFA3S,14.7958,14.2415,13.855,13.5117,14.468999862670898,14.08650016784668,13.954899787902832,13.934300422668457,146.78918238899294,15.951871284903314
CFA3S,16.739099999999997,16.1469,15.7155,15.347499999999998,16.3789005279541,15.958700180053711,15.787500381469727,15.758099555969238,146.76206857172005,16.091605360795505
CFA3S,17.5029,16.9719,16.575000000000003,16.271500000000003,17.150400161743164,16.798500061035156,16.650400161743164,16.638700485229492,146.75768673930028,16.030529429063396
CFA3S,16.208,15.6762,15.307,14.9963,15.864500045776367,15.517399787902832,15.417699813842773,15.41670036315918,146.74449092218563,16.117941415802893
CFA3S,15.8109,14.9949,14.4292,13.9888,15.321499824523926,14.67959976196289,14.431900024414062,14.354999542236328,146.73192305300037,16.02231286755218
CFA3S,17.3729,16.7407,16.279,15.8946,16.97100067138672,16.509300231933594,16.32309913635254,16.2908992767334,146.69783109384684,16.10738902210672
CFA3S,16.9274,16.3224,15.896999999999998,15.537,16.55030059814453,16.122699737548828,15.94480037689209,15.92959976196289,146.6883686012855,16.0439048091701
CFA3S,17.0146,16.2804,15.7777,15.3625,16.569700241088867,16.01110076904297,15.801799774169922,15.735699653625488,146.65145577642184,16.037373458305446
CFA3S,16.9464,16.2341,15.730800000000002,15.326100000000002,16.508399963378906,15.973799705505371,15.782699584960938,15.72439956665039,142.12350314420846,27.514988804661225
CFA3S,15.2313,14.541,14.0355,13.631,14.810500144958496,14.272299766540527,14.072699546813965,14.016599655151367,142.1012481356958,27.35137016401734
CFA3S,14.5981,14.0871,13.7115,13.4071,14.258299827575684,13.927800178527832,13.82699966430664,13.82040023803711,142.0773239174541,27.4718053769336
CFA3S,18.0805,17.5678,17.159799999999997,16.810499999999998,17.75749969482422,17.381900787353516,17.23240089416504,17.167999267578125,142.0138654593952,27.51855103672157
CFA3S,15.3602,14.7012,14.2547,13.8859,14.941900253295898,14.479299545288086,14.338500022888184,14.31029987335205,195.34140864548627,39.809929605527174
CFA3S,18.373900000000003,17.9612,17.657700000000002,17.3396,18.11989974975586,17.870100021362305,17.805700302124023,17.807199478149414,195.3035413401877,39.81802648925576
CFA3S,16.900299999999998,16.0506,15.4507,14.9813,16.39940071105957,15.706399917602539,15.456700325012207,15.363499641418457,195.2872104044722,39.892030693244806
CFA3S,16.0099,15.3599,14.919,14.5413,15.60569953918457,15.152099609375,15.003499984741211,14.963700294494629,195.25999807415684,39.92396225815098
CFA3S,15.8326,15.1159,14.6074,14.1433,15.39739990234375,14.85669994354248,14.610600471496582,14.52299976348877,195.22443507308586,39.88977256781542
CFA3S,17.2205,16.5392,16.056,15.6506,16.791200637817383,16.279699325561523,16.09950065612793,16.044200897216797,195.1841838840493,39.85322060498383
CFA3S,15.7145,14.979,14.4482,14.0225,15.272299766540527,14.701899528503418,14.479700088500977,14.395700454711914,153.62827454969317,3.4394683086003535
CFA3S,17.3646,16.8395,16.4393,16.1015,17.043500900268555,16.669200897216797,16.51650047302246,16.489500045776367,153.60980668694003,3.476227460715526
CFA3S,17.797,17.078,16.5722,16.1425,17.337499618530273,16.806299209594727,16.585599899291992,16.50510025024414,153.57919813503153,3.5376519053411735
CFA3S,17.174500000000002,16.635,16.241300000000003,15.901500000000002,16.820600509643555,16.45509910583496,16.32430076599121,16.283599853515625,153.57584858305557,3.5416707262922085
CFA3S,15.9845,14.9965,14.2653,13.761,15.3996000289917,14.534899711608887,14.203200340270996,14.079400062561035,153.57393517983235,3.4960218984021005
CFA3S,16.534100000000002,15.88,15.4037,15.0345,16.15169906616211,15.645000457763672,15.468000411987305,15.403599739074707,153.56592430541522,3.4334159450101382
CFA3S,18.0195,17.5645,17.1757,16.8965,17.715200424194336,17.42490005493164,17.27790069580078,17.282800674438477,153.56116133418888,3.39503143028646
CFA3S,14.4636,14.26,14.1118,13.9695,14.25979995727539,14.271499633789062,14.350700378417969,14.39780044555664,153.53513230339252,3.5223140805249873
CFA3S,17.1866,16.535,16.0668,15.7175,16.775800704956055,16.284700393676758,16.11639976501465,16.07200050354004,153.51442091959512,3.426259059181405
CFA3S,17.143,16.686,16.3362,16.054,16.838899612426758,16.559999465942383,16.46150016784668,16.451099395751953,153.49047441117744,3.5017511073480483
CFA3S,15.5326,14.7505,14.2122,13.783,15.020999908447266,14.44629955291748,14.196399688720703,14.093799591064453,153.47573540075618,3.4508198086413717
CFA3S,15.2728,14.7766,14.4183,14.107,14.946000099182129,14.641900062561035,14.55720043182373,14.55780029296875,109.56536247977016,9.704788589113926
CFA3S,16.1818,15.3156,14.7083,14.227,15.662199974060059,14.965800285339355,14.711400032043457,14.606499671936035,109.56347355336885,9.698266323910202
CFA3S,16.9738,16.4406,16.0463,15.708,16.613399505615234,16.238500595092773,16.12540054321289,16.11050033569336,109.53891299335889,9.676806551587049
CFA3S,17.3568,16.8236,16.4243,16.064,17.013900756835938,16.644399642944336,16.524599075317383,16.48579978942871,109.53641243644276,9.770040494267437
CFA3S,14.9728,14.1736,13.6293,13.171,14.465299606323242,13.86620044708252,13.6358003616333,13.55210018157959,109.5363733349556,9.669333410059458
CFA3S,15.0658,14.6266,14.3043,14.012,14.761199951171875,14.51509952545166,14.439200401306152,14.46619987487793,109.53452806786473,9.714605333782833
CFA3S,17.282799999999998,16.8356,16.5043,16.185,16.985200881958008,16.712900161743164,16.626300811767578,16.62019920349121,109.53118094326561,9.777059650395175
CFA3S,16.496799999999997,16.0266,15.673299999999998,15.314999999999998,16.183000564575195,15.87909984588623,15.771300315856934,15.765000343322754,109.5250110701198,9.679318013826006
CFA3S,16.4478,15.7846,15.3093,14.894,16.038400650024414,15.550200462341309,15.354900360107422,15.2923002243042,109.51992340736496,9.76738500474939
CFA3S,16.995800000000003,16.5436,16.1593,15.831,16.685699462890625,16.36750030517578,16.255699157714844,16.237199783325195,109.51499906566376,9.667820425562427
CFA3S,15.6088,15.2156,14.9113,14.634,15.327099800109863,15.101699829101562,15.06820011138916,15.079400062561035,109.51298261869738,9.687176033267
CFA3S,14.8288,14.3816,14.0623,13.775,14.51099967956543,14.275699615478516,14.185799598693848,14.206299781799316,109.4878888188024,9.678654490446593
CFA3S,16.965799999999998,16.3266,15.8983,15.483,16.545799255371094,16.13599967956543,15.958999633789062,15.935199737548828,109.47667791084065,9.736160210901225
CFA3S,17.3788,16.7276,16.2643,15.829999999999998,16.95599937438965,16.493200302124023,16.277999877929688,16.19529914855957,109.47627996202421,9.691139418049758
CFA3S,16.9428,16.3526,15.9133,15.544,16.55299949645996,16.141799926757812,15.98169994354248,15.940899848937988,109.469225161936,9.64192560022585
CFA3S,16.6828,16.2436,15.9273,15.536,16.37150001525879,16.130199432373047,16.03529930114746,16.039199829101562,109.46747554219051,9.726738449950558
CFA3S,16.175800000000002,15.7146,15.3783,15.057,15.856100082397461,15.570099830627441,15.490500450134277,15.486300468444824,109.46655276894195,9.674851071589556
CFA3S,16.5658,15.9856,15.6053,15.243,16.185400009155273,15.803899765014648,15.674599647521973,15.651399612426758,109.45819943858145,9.687139904728678
CFA3S,15.6488,14.7466,14.1523,13.645,15.097800254821777,14.416899681091309,14.13029956817627,14.002599716186523,109.45381105121258,9.74718808077678
CFA3S,16.5038,15.8166,15.338299999999998,14.91,16.076499938964844,15.56760025024414,15.372599601745605,15.302499771118164,109.45129923777495,9.718072855937525
CFA3S,17.274800000000003,16.6746,16.230300000000003,15.873,16.868900299072266,16.440099716186523,16.304500579833984,16.26930046081543,109.45093654625192,9.62334464947247
CFA3S,15.9328,15.5086,15.1983,14.929,15.646100044250488,15.406200408935547,15.348400115966797,15.369199752807617,109.44719347786491,9.765507281593877
CFA3S,16.4878,15.7166,15.1953,14.744,16.017799377441406,15.459600448608398,15.2076997756958,15.131799697875977,109.44693309389918,9.781662613121098
CFA3S,15.7458,15.2536,14.9023,14.577,15.415599822998047,15.112000465393066,15.004400253295898,15.001399993896484,109.4466194681808,9.710740909745564
CFA3S,17.2538,16.7046,16.3033,15.983,16.886600494384766,16.52400016784668,16.40880012512207,16.389699935913086,109.43708453187433,9.68094347674068
CFA3S,16.2258,15.2896,14.6233,14.129,15.65530014038086,14.872699737548828,14.586000442504883,14.480400085449219,109.43198253483727,9.667948034980503
CFA3S,15.285799999999998,14.3266,13.7273,13.267,14.692899703979492,13.968600273132324,13.718999862670898,13.610699653625488,109.4238598127648,9.676156702386049
CFA3S,15.1668,14.8196,14.5643,14.328,14.887499809265137,14.73639965057373,14.712400436401367,14.7431001663208,109.40714740335763,9.672294700521734
CFA3S,16.8708,16.4116,16.0493,15.705,16.55190086364746,16.253400802612305,16.158100128173828,16.14150047302246,109.40640876704234,9.701788126198373
CFA3S,14.8677,14.3191,13.9295,13.6034,14.510700225830078,14.137200355529785,14.019200325012207,14.012800216674805,218.70990535164051,59.36080023530972
CFA3S,17.9119,17.2361,16.7865,16.3824,17.494600296020508,17.01449966430664,16.827499389648438,16.778600692749023,218.70491085212439,59.408311326586904
CFA3S,16.9831,16.343,15.8689,15.5308,16.516199111938477,16.072999954223633,15.915200233459473,15.873800277709961,218.6946369462648,59.38137436873398
CFA3S,17.8373,17.05,16.5131,16.052300000000002,17.350400924682617,16.759300231933594,16.493499755859375,16.39859962463379,218.6422022518995,59.355535636856665
CFA3S,17.3654,16.8058,16.3812,16.0346,16.999300003051758,16.632600784301758,16.461000442504883,16.43950080871582,218.63765610474218,59.40772386277199
CFA3S,17.4992,16.8801,16.447499999999998,16.090899999999998,17.105300903320312,16.658599853515625,16.51849937438965,16.48740005493164,218.57884701945994,59.38189984320261
CFA3S,17.287599999999998,16.4108,15.730199999999998,15.249599999999996,16.765399932861328,15.977100372314453,15.661499977111816,15.524999618530273,218.55885165591667,59.41481759061894
CFA3S,17.729200000000002,16.9719,16.387700000000002,15.928300000000002,17.270099639892578,16.677600860595703,16.39929962158203,16.31130027770996,266.1364220418451,40.88515433262894
CFA3S,15.6716,15.0463,14.6048,14.2567,15.269700050354004,14.834099769592285,14.67710018157959,14.64210033416748,266.11603913915565,40.937642085704915
CFA3S,16.0435,15.0869,14.3767,13.86,15.497099876403809,14.666000366210938,14.323100090026855,14.181599617004395,266.1149963815433,40.84853066670763
CFA3S,16.761499999999998,16.1589,15.719399999999998,15.3653,16.375600814819336,15.961899757385254,15.784199714660645,15.753399848937988,266.1141484676808,40.85386631708776
CFA3S,15.3586,14.5956,14.0698,13.6383,14.878499984741211,14.31309986114502,14.083100318908691,13.981100082397461,266.09637905970504,40.89847386115384
CFA3S,17.4122,16.1209,15.1557,14.395,16.668500900268555,15.511300086975098,14.895500183105469,14.624199867248535,266.0782182010449,40.82008154911108
CFA3S,14.7799,14.1469,13.6897,13.3366,14.374899864196777,13.930399894714355,13.75409984588623,13.72070026397705,266.07783957481,40.89088070172745
CFA3S,15.8306,15.1393,14.6421,14.227,15.38759994506836,14.884499549865723,14.65839958190918,14.572500228881836,266.0410225014163,40.843633176268575
CFA3S,17.7159,17.1463,16.7175,16.3874,17.338199615478516,16.966800689697266,16.798099517822266,16.77560043334961,266.0154066827667,40.93045640071436
CFA3S,16.9785,16.2209,15.7084,15.3463,16.508399963378906,15.950900077819824,15.758700370788574,15.708100318908691,265.9617927381884,40.97286797349797
CFA3S,17.758200000000002,17.0089,16.4721,16.058600000000002,17.283899307250977,16.722400665283203,16.4960994720459,16.407800674438477,265.95030361910165,40.9155234107592
CFA3S,17.7636,17.3253,16.975099999999998,16.682699999999997,17.522600173950195,17.19700050354004,17.086000442504883,17.06679916381836,265.94703702755834,40.93137166871205
CFA3S,16.633699999999997,16.0236,15.591799999999996,15.236999999999998,16.25790023803711,15.837699890136719,15.680000305175781,15.64840030670166,288.22856582733607,77.83053511390398
CFA3S,16.458199999999998,15.7656,15.2683,14.866,16.037599563598633,15.527999877929688,15.316800117492676,15.237700462341309,288.21896510820864,77.89123859010499
CFA3S,17.9976,17.267,16.7977,16.425,17.550800323486328,17.033300399780273,16.84429931640625,16.799800872802734,288.1607562518762,77.92219947985622
CFA3S,14.8486,14.3,13.9067,13.5894,14.520299911499023,14.148300170898438,14.02280044555664,14.011199951171875,288.11369765888753,77.96722772259865
CFA3S,15.551100000000002,14.864,14.3806,13.998,15.141200065612793,14.628899574279785,14.447199821472168,14.395099639892578,288.10704538203106,77.89542753696524
CFA3S,18.4927,18.0541,17.700799999999997,17.389599999999998,18.21940040588379,17.917499542236328,17.819499969482422,17.812999725341797,288.0676238808013,77.9420860105031
CFA3S,16.807699999999997,16.3376,15.9587,15.672,16.494199752807617,16.1653995513916,16.061199188232422,16.04669952392578,288.05230922983407,77.93320523090229
CFA3S,17.4407,16.7441,16.2953,-982.2559,17.027700424194336,16.52989959716797,16.33880043029785,16.28529930114746,288.0394401412219,77.94552468323498
CFA3S,14.7706,14.2145,13.8046,13.4799,14.422699928283691,14.036100387573242,13.909299850463867,13.897600173950195,288.0261870089012,77.92328619018929
CFA3S,17.1851,16.462,15.9647,15.5489,16.753700256347656,16.221399307250977,15.998800277709961,15.93120002746582,287.93056038825233,77.90603253736019
CFA3S,16.5606,15.3575,14.4202,13.6999,15.923299789428711,14.777899742126465,14.226699829101562,13.98550033569336,287.9244320393015,77.91614058880265
CFA3S,16.7172,15.8461,15.2367,14.7941,16.199600219726562,15.504400253295898,15.246899604797363,15.143600463867188,287.92001658412903,77.87896949611248
CFA3S,14.3912,13.9061,13.5442,13.242,14.103099822998047,13.77810001373291,13.668600082397461,13.668399810791016,287.91352988978446,77.94894790952338
CFA3S,17.071,16.3125,15.7346,15.2618,16.651500701904297,16.01810073852539,15.74899959564209,15.626899719238281,10.498813767933573,-9.32707822832189
CFA3S,16.720399999999998,15.8426,15.1952,14.6492,16.220600128173828,15.489999771118164,15.148699760437012,14.987099647521973,10.45396816748037,-9.366151531160353
CFA3S,16.364900000000002,15.8396,15.445200000000002,15.100700000000002,16.02050018310547,15.667799949645996,15.542799949645996,15.515600204467773,10.439629066321931,-9.353974613529044
CFA3S,16.5354,15.9231,15.4817,15.1297,16.136899948120117,15.696599960327148,15.553400039672852,15.503100395202637,10.38131970538191,-9.361203011737848
CFA3S,17.770899999999997,16.9671,16.493199999999998,16.1052,17.19580078125,16.686899185180664,16.489900588989258,16.419300079345703,10.376809568717158,-9.277677919057949
CFA3S,16.073900000000002,15.5341,15.1402,14.8197,15.716099739074707,15.352499961853027,15.23330020904541,15.207300186157227,10.374490177134406,-9.36531677159153
CFA3S,16.0821,15.5302,15.105,14.709,15.767399787902832,15.363800048828125,15.1983003616333,15.138999938964844,1.5317108448158614,27.515118485681793
CFA3S,17.1241,16.4892,16.043,15.607,16.753400802612305,16.292800903320312,16.108800888061523,16.042600631713867,1.5216025980044041,27.448085975889644
CFA3S,18.7661,18.2402,17.783,17.394000000000002,18.398500442504883,18.008100509643555,17.84440040588379,17.798099517822266,1.462064070225365,27.545974877532284
CFA3S,16.6671,15.8892,15.328,14.853000000000002,16.21809959411621,15.592300415039062,15.342900276184082,15.232199668884277,1.412627618054647,27.529793383602158
CFA3S,15.7771,15.1072,14.631,14.239,15.365599632263184,14.875,14.683600425720215,14.6181001663208,1.3762963978767042,27.417237691474426
CFA3S,15.7121,15.1792,14.764,14.515,15.281700134277344,14.90369987487793,14.739700317382812,14.69540023803711,1.356462506675754,27.38339717008153
CFA3S,17.0811,16.4772,16.058,15.661,16.720199584960938,16.2893009185791,16.121400833129883,16.064300537109375,1.3531459484369577,27.49536918119915
CFA3S,17.4378,16.4306,15.673099999999998,15.081499999999998,16.884700775146484,15.979000091552734,15.592900276184082,15.424200057983398,42.58057669957989,12.777876496639085
CFA3S,18.3124,17.2126,16.363,-981.7874,17.71139907836914,16.691999435424805,16.24049949645996,16.015899658203125,42.5628648452227,12.778911823151507
CFA3S,16.8293,16.2171,15.791299999999998,15.4145,16.465299606323242,16.046100616455078,15.864399909973145,15.819499969482422,42.547587001559094,12.937592201783657
CFA3S,18.4844,17.7726,17.2226,16.7655,18.049699783325195,17.498699188232422,17.25320053100586,17.172500610351562,42.52540498529513,12.908151987665699
CFA3S,14.9689,14.1816,13.6216,13.1169,14.519800186157227,13.899499893188477,13.615900039672852,13.505499839782715,42.524509436960805,12.921598469769249
CFA3S,18.1409,17.6041,17.1766,16.808,17.809900283813477,17.42020034790039,17.259000778198242,17.218700408935547,42.50267280654227,12.909722501246163
CFA3S,17.595399999999998,16.8526,16.323999999999998,15.855,17.17609977722168,16.593299865722656,16.3346004486084,16.239999771118164,42.47998041562134,12.915036621448616
CFA3S,18.4853,17.7521,17.2745,16.8694,18.01609992980957,17.499099731445312,17.277099609375,17.196199417114258,42.46089357405822,12.803699770475934
CFA3S,15.5853,15.004,14.5669,14.1819,15.241900444030762,14.81470012664795,14.642999649047852,14.577199935913086,42.45770976513043,12.901971678890705
CFA3S,14.8619,14.2746,13.8461,13.4814,14.506199836730957,14.085399627685547,13.915300369262695,13.863699913024902,42.452317526236676,12.792180824284747
CFA3S,17.0304,16.4835,16.1055,15.7838,16.653499603271484,16.2987003326416,16.171600341796875,16.150800704956055,146.69933407688288,30.59653168362023
CFA3S,15.1229,14.629,14.2765,13.9732,14.76509952545166,14.445300102233887,14.337900161743164,14.328499794006348,146.6549660410555,30.630729196355034
CFA3S,17.3594,16.492,15.8998,15.4172,16.83679962158203,16.17180061340332,15.866399765014648,15.740699768066406,146.64277513552176,30.70328831761767
CFA3S,17.1264,16.432,15.9378,15.522199999999998,16.714599609375,16.177799224853516,15.966899871826172,15.879500389099121,146.59611277897747,30.725242200631484
CFA3S,16.9509,16.21,15.6875,15.2857,16.493600845336914,15.925700187683105,15.715700149536133,15.632699966430664,146.59171531042867,30.647149656268066
CFA3S,17.223399999999998,16.433,15.8598,15.4272,16.751399993896484,16.115999221801758,15.881600379943848,15.799599647521973,146.58337834805283,30.709977916964565
CFA3S,15.503800000000002,14.851,14.419,14.0958,15.072600364685059,14.616800308227539,14.475099563598633,14.442099571228027,146.56636016356947,30.574725883031565
CFA3S,16.2313,15.6003,15.1188,14.7633,15.85420036315918,15.375900268554688,15.184399604797363,15.13010025024414,215.978114452693,-19.47277885679489
CFA3S,15.0913,14.4303,13.9288,13.5623,14.683600425720215,14.1899995803833,13.989899635314941,13.934100151062012,215.96326012428153,-19.485339424784158
CFA3S,16.813299999999998,16.0053,15.436799999999998,15.0303,16.341699600219727,15.708100318908691,15.467000007629395,15.365699768066406,215.96274068537795,-19.381907469276317
CFA3S,15.8203,15.3513,14.9798,14.7013,15.510899543762207,15.214799880981445,15.10789966583252,15.095999717712402,215.95213863937562,-19.47369140362037
CFA3S,16.4223,15.8483,15.4138,15.0623,16.087900161743164,15.663299560546875,15.495499610900879,15.454500198364258,215.92870486379894,-19.35901514941737
CFA3S,17.0983,16.4483,15.9758,15.6333,16.695499420166016,16.225500106811523,16.06439971923828,16.0093994140625,215.92866410891665,-19.41538996772837
CFA3S,16.7653,16.1583,15.7248,15.3783,16.386600494384766,15.974200248718262,15.796899795532227,15.76669979095459,215.90679932296695,-19.43702716149617
CFA3S,16.4963,15.5263,14.7728,14.2353,15.94159984588623,15.085399627685547,14.706999778747559,14.534299850463867,215.8769609889712,-19.39391512191509
CFA3S,16.877299999999998,16.0553,15.455799999999998,15.0393,16.425500869750977,15.774499893188477,15.525500297546387,15.444999694824219,215.8613685929145,-19.374702077221542
CFA3S,18.1923,17.7383,17.3888,17.0563,17.887300491333008,17.581199645996094,17.457199096679688,17.41790008544922,215.8612486028985,-19.45227924877868
CFA3S,17.2213,16.6943,16.241799999999998,15.947299999999998,16.8971004486084,16.51289939880371,16.350200653076172,16.303199768066406,215.83890091532655,-19.35841679093958
CFA3S,16.2923,15.7283,15.295800000000002,14.9723,15.925700187683105,15.537300109863281,15.384900093078613,15.34939956665039,215.83317280203661,-19.441370758737456
CFA3S,17.2513,16.3793,15.7668,15.3163,16.728099822998047,16.050399780273438,15.73639965057373,15.609600067138672,215.82749152677127,-19.483906334079613
CFA3S,18.1386,17.6788,17.327299999999997,16.9808,17.85300064086914,17.527099609375,17.42970085144043,17.420299530029297,156.8319432211604,16.03972435891869
CFA3S,18.7486,18.5478,18.2523,17.8938,18.64620018005371,18.61520004272461,18.548900604248047,18.361299514770508,156.81348800300518,15.944420355736687
CFA3S,16.8766,15.5908,14.7113,14.0118,15.87660026550293,14.735799789428711,14.178899765014648,13.907099723815918,156.81205839094105,15.982375656121707
CFA3S,16.9836,16.4588,16.0863,15.7688,16.633899688720703,16.305999755859375,16.175899505615234,16.156299591064453,156.8058277476716,15.997855851082127
CFA3S,17.7276,16.7078,15.9113,15.3328,17.159000396728516,16.20789909362793,15.8326997756958,15.664899826049805,156.80250517331956,16.06678540566577
CFA3S,18.7206,18.2068,17.793300000000002,17.4998,18.393999099731445,18.02720069885254,17.892200469970703,17.84239959716797,156.7793655383513,16.06515416825607
CFA3S,15.501600000000002,14.8518,14.3273,13.9608,15.03219985961914,14.512900352478027,14.360699653625488,14.314900398254395,156.75471284659096,16.040471417207783
CFA3S,17.7226,16.8808,16.3033,15.8838,17.226999282836914,16.558300018310547,16.32830047607422,16.255599975585938,156.71691887621722,16.071980945908354
CFA3S,17.4536,16.5588,15.899300000000002,15.4468,16.909400939941406,16.166099548339844,15.888500213623047,15.767800331115723,156.69145771815934,15.966464764607759
CFA3S,14.7636,14.2828,13.9133,13.6158,14.436699867248535,14.1225004196167,14.018600463867188,14.016300201416016,156.68433750659622,16.07108622859441
CFA3S,17.1873,16.6405,16.227899999999998,15.9077,16.83690071105957,16.4689998626709,16.338300704956055,16.30769920349121,151.49430182756652,10.33003233218389
CFA3S,18.5083,17.9725,17.6289,17.3717,18.16510009765625,17.805299758911133,17.692100524902344,17.668699264526367,151.4249768089022,10.213959814239994
CFA3S,16.7313,15.5395,14.6359,13.9407,16.064800262451172,14.970399856567383,14.443400382995605,14.20829963684082,151.4147857787419,10.316960948448079
CFA3S,17.6991,17.2524,16.9354,16.613500000000002,17.450199127197266,17.121700286865234,16.98509979248047,16.949899673461914,171.4461087002037,22.838149962603858
CFA3S,18.1931,17.8434,17.6194,17.7945,18.5575008392334,18.203699111938477,18.110599517822266,18.092500686645508,171.4445624868205,22.843872322481246
CFA3S,17.5781,16.8504,16.3074,15.8705,17.12380027770996,16.52389907836914,16.333999633789062,16.2106990814209,171.39170731986331,22.83789123353713
CFA3S,17.7598,16.4345,15.5191,14.821,17.152700424194336,16.084199905395508,15.602999687194824,15.40530014038086,170.3252373885621,21.27854043843628
CFA3S,16.052799999999998,15.4705,15.0421,14.685,15.678099632263184,15.270000457763672,15.11460018157959,15.088899612426758,170.31759027187542,21.360385071254548
CFA3S,16.2908,15.6435,15.1971,14.843,15.88599967956543,15.421899795532227,15.251399993896484,15.220100402832031,170.2963555477435,21.41303946450309
