survey,CFA4natp2_B,CFA4natp2_V,CFA4natp2_r,CFA4natp2_i,PS1_g,PS1_r,PS1_i,PS1_z,RA,DEC
CFA4,14.611245199999999,13.7762748,13.4560068,13.179341099999998,14.107099533081055,13.510499954223633,-999.0,13.077099800109863,44.62781335,6.54698469
CFA4,16.2260888,15.2967912,14.9169862,14.5339857,15.693900108337402,14.924200057983398,14.566100120544434,14.395700454711914,44.62006715,6.62347924
CFA4,16.920360000000002,16.22164,15.986571500000002,15.754741600000001,16.418699264526367,15.929499626159668,15.69540023803711,15.598299980163574,44.55633829,6.52149241
CFA4,17.196430300000003,16.4898497,16.2414367,15.995306,16.708099365234375,16.215499877929688,15.985899925231934,15.89900016784668,44.54786147,6.60659701
CFA4,16.2038679,15.560172099999999,15.3558986,15.1352536,15.75570011138916,15.285499572753906,15.07859992980957,15.015399932861328,44.5167774,6.54704508
CFA4,16.4764002,15.9471198,15.7818533,15.627663,16.1481990814209,15.774499893188477,15.642999649047852,15.619099617004395,39.60883829,-1.26425512
CFA4,16.357836300000002,15.4940437,15.1501662,14.8837993,15.849900245666504,15.147500038146973,14.891599655151367,14.79800033569336,39.58249084,-1.37461059
CFA4,15.1995982,14.7227218,14.5759323,14.429886400000001,14.912699699401855,14.588600158691406,14.458800315856934,14.440699577331543,39.55138277,-1.25155508
CFA4,15.6717431,15.1538169,15.008053900000002,14.875316100000001,15.33590030670166,14.981399536132812,14.85200023651123,14.8326997756958,39.52313633,-1.35239072
CFA4,13.545916700000001,13.0210033,12.875240300000002,12.7599088,-999.0,-999.0,-999.0,-999.0,39.49451148,-1.28237745
CFA4,14.8191534,14.1186866,13.8969626,13.707078800000001,14.348899841308594,13.868300437927246,13.756600379943848,13.635499954223633,39.48570719,-1.3719362
CFA4,17.1678134,16.6420266,16.4777866,16.330761000000003,16.837499618530273,16.482900619506836,16.361000061035156,16.332000732421875,39.48481744,-1.24320134
CFA4,16.4609669,15.8434731,15.6217491,15.3898854,16.08609962463379,15.609600067138672,15.423299789428711,15.349200248718262,306.68465834,2.93795539
CFA4,17.657397299999996,16.942082699999997,16.678272199999995,16.459825799999997,17.17300033569336,16.648799896240234,16.471200942993164,16.400800704956055,306.68388386,2.90641034
CFA4,16.6474819,15.6369581,15.232517099999999,14.8127186,16.058900833129883,15.235099792480469,14.841300010681152,14.656499862670898,306.6763303,2.96956906
CFA4,17.4909884,16.7468516,16.4491666,16.1632286,17.045299530029297,16.44879913330078,16.183700561523438,16.055200576782227,306.67503622,2.96402303
CFA4,14.0704834,13.4573566,13.2582156,13.0938721,13.69279956817627,-999.0,-999.0,13.09220027923584,306.67375958,2.89671936
CFA4,16.2021448,15.5523352,15.3347172,15.1376557,15.786299705505371,15.321399688720703,15.141799926757812,15.09570026397705,306.66889335,2.87178661
CFA4,17.284623999999997,16.655776,16.442264,16.2277858,16.894699096679688,16.42770004272461,16.243200302124023,16.171499252319336,306.66571223,2.95012955
CFA4,17.568542300000004,17.420937700000003,17.532826200000006,17.5632598,17.34939956665039,17.429800033569336,17.553499221801758,17.611799240112305,306.66506668,2.85998847
CFA4,17.5317359,16.8531041,16.6149561,16.3995164,17.091299057006836,16.597700119018555,16.41699981689453,16.342899322509766,306.66131504,2.90706785
CFA4,15.0327229,13.8213171,13.2331326,12.5998044,14.403800010681152,13.231399536132812,12.631099700927734,12.394800186157227,306.6611566,2.91414236
CFA4,15.934909499999998,15.249290499999999,15.001904,14.774200899999999,15.494600296020508,14.985799789428711,14.777099609375,14.715299606323242,306.65843641,2.87573194
CFA4,17.056918099999997,16.3206419,16.049645899999998,15.795381199999998,16.585800170898438,16.02589988708496,15.818300247192383,15.723199844360352,306.65827109,2.83699944
CFA4,17.661207900000004,16.842832100000003,16.529749600000002,16.2469223,17.118000030517578,16.4950008392334,16.24090003967285,16.135900497436523,306.65681571,2.92622385
CFA4,17.5240917,16.7808283,16.510858799999998,16.2586393,17.00860023498535,16.48710060119629,16.251399993896484,16.16860008239746,306.65436896,2.91814159
CFA4,17.1983241,16.3048359,15.9455609,15.6147273,16.647499084472656,15.9350004196167,15.61359977722168,15.481599807739258,306.64931159,2.88380331
CFA4,18.0919654,17.0770746,16.6243881,16.2221181,17.47089958190918,16.596900939941406,16.228900909423828,16.061599731445312,306.64868317,2.85177744
CFA4,17.7216426,16.780117399999998,16.406471399999997,16.047005,17.20840072631836,16.402999877929688,16.07710075378418,15.91450023651123,306.64313713,2.98032277
CFA4,17.7580845,16.8541155,16.45686,16.159911299999997,17.215299606323242,16.456100463867188,16.19230079650879,16.058000564575195,306.64033733,2.9533881
CFA4,16.0022151,15.3445449,15.1248739,14.923722000000001,15.579099655151367,15.102499961853027,14.907600402832031,14.857500076293945,306.63808438,2.83297357
CFA4,17.655063,16.877737,16.5564425,16.2408712,17.13520050048828,16.561500549316406,16.332599639892578,16.24049949645996,306.63747723,2.93488278
CFA4,15.3891591,14.4520009,14.0414009,13.689195400000001,14.859800338745117,14.02970027923584,13.693499565124512,13.550800323486328,306.63724251,2.82398317
CFA4,14.6779583,14.1111217,13.9325107,13.7773303,14.311300277709961,13.9197998046875,13.776000022888184,13.754500389099121,306.63397109,2.87488169
CFA4,17.325876500000003,16.6315235,16.3625805,16.114454000000002,16.873899459838867,16.33919906616211,16.10140037536621,16.008399963378906,306.63278351,2.82983607
CFA4,17.823438900000003,17.0662011,16.8095761,16.5798486,17.2716007232666,16.764799118041992,16.57900047302246,16.510400772094727,306.63209108,2.90621655
CFA4,15.7493772,14.9493428,14.6362603,14.3554808,15.27340030670166,14.630000114440918,14.373600006103516,14.268500328063965,306.62865614,2.89606902
CFA4,18.1717531,17.3918069,17.1474999,16.8921437,17.60260009765625,17.083200454711914,16.873199462890625,16.789199829101562,306.62026081,2.90923969
CFA4,15.4224633,14.7246167,14.4679917,14.2597661,15.002699851989746,14.480899810791016,14.294300079345703,14.227700233459473,306.61974551,2.97246233
CFA4,18.0475207,17.4177993,17.228923299999998,16.998000299999998,17.580799102783203,17.156099319458008,16.991899490356445,16.93600082397461,306.61944399,2.83417663
CFA4,16.723426,16.042174,15.828662,15.623398899999998,16.25830078125,15.784099578857422,15.61139965057373,15.554900169372559,306.61887133,2.92290172
CFA4,15.7699253,15.1943547,15.0167702,14.8554438,15.392999649047852,14.995400428771973,14.841099739074707,14.812800407409668,306.61698173,2.8496117
CFA4,14.992883599999999,13.8504764,13.3793129,12.9371576,14.343299865722656,-999.0,-999.0,-999.0,306.61397313,2.87451073
CFA4,17.6247101,17.0980499,16.9132799,16.7734736,17.257999420166016,16.879899978637695,16.7450008392334,16.70159912109375,306.61287628,2.98986716
CFA4,16.1197474,15.5764926,15.4255971,15.289800600000001,15.751700401306152,15.383999824523926,15.27400016784668,15.2608003616333,306.61156871,2.82629647
CFA4,17.967553699999996,17.3465663,17.153584300000002,16.9963925,17.584699630737305,17.18589973449707,17.0039005279541,16.92460060119629,306.60622463,2.98314692
CFA4,17.042397299999998,16.3270827,16.0807227,15.883733999999999,16.532800674438477,16.02039909362793,15.837699890136719,15.772600173950195,306.60207654,2.91903387
CFA4,17.1282969,16.598143099999998,16.403108099999997,16.228515199999997,16.756900787353516,16.374300003051758,16.207500457763672,16.171300888061523,306.59840456,2.87385182
CFA4,17.096413100000003,16.4911469,16.321774400000002,16.1368775,16.751800537109375,16.31279945373535,16.140199661254883,16.09830093383789,306.59779747,2.8461437
CFA4,17.950417400000003,17.319822600000002,17.0980986,16.987055100000003,17.7460994720459,17.318500518798828,17.145200729370117,17.083599090576172,306.59682111,2.90065476
CFA4,15.423789,14.838611,14.664106,14.489461100000002,15.04740047454834,14.620499610900879,14.468099594116211,14.435199737548828,306.59520536,2.84325999
CFA4,17.667909499999997,16.982290499999998,16.755433999999997,16.570682699999995,17.226499557495117,16.729299545288086,16.533300399780273,16.475500106811523,306.59442316,2.86915223
CFA4,16.573652699999997,15.9788673,15.7591963,15.590809199999999,16.185300827026367,15.756500244140625,15.589699745178223,15.54539966583252,306.5932885,2.90410245
CFA4,17.474997,16.680203,16.382518,16.0914605,16.976200103759766,16.34469985961914,16.058700561523438,15.953200340270996,306.591667,2.87101694
CFA4,17.8426197,17.2391003,17.015323300000002,16.8008711,17.424299240112305,16.952299118041992,16.745800018310547,16.682199478149414,306.57896325,2.88097544
CFA4,16.7971491,16.1220109,15.9146579,15.722689899999999,16.349700927734375,15.861499786376953,15.685400009155273,15.632699966430664,306.57705291,2.87060289
CFA4,17.659925299999998,17.0843547,16.903690700000002,16.762850099999998,17.221099853515625,16.824199676513672,16.671199798583984,16.614299774169922,306.57667795,2.89961849
CFA4,17.1841075,16.5508925,16.338407,16.180240700000002,16.748600006103516,16.310100555419922,16.136899948120117,16.088499069213867,306.57417363,2.8943735
CFA4,17.7227732,17.0275468,16.8099288,16.5944371,17.339000701904297,16.839799880981445,16.630800247192383,16.552000045776367,306.57238349,2.86047214
CFA4,17.697177700000005,16.447342300000003,15.963860800000003,15.487948000000003,16.928800582885742,15.911299705505371,15.465200424194336,15.242899894714355,306.56783566,2.86766412
CFA4,16.6370085,15.9775915,15.773318000000002,15.586461700000001,16.186800003051758,15.716300010681152,15.538800239562988,15.492300033569336,306.56281455,2.83859281
CFA4,17.1411161,16.4572439,16.2293609,16.011847400000004,16.65570068359375,16.155399322509766,15.970499992370605,15.90779972076416,306.56026171,2.84754563
CFA4,17.799065900000002,17.2077741,17.002474100000004,16.818692100000003,17.34309959411621,16.905099868774414,16.732099533081055,16.6924991607666,306.55752293,2.88126245
CFA4,16.0580286,15.4833314,15.3067734,15.1628507,15.650199890136719,15.257200241088867,15.127599716186523,15.104499816894531,306.55679233,2.82545248
CFA4,16.3959669,15.778473100000001,15.602941600000001,15.448777300000001,16.039899826049805,15.616000175476074,15.470000267028809,15.437800407409668,306.55537461,2.91480309
CFA4,17.6615967,16.7873233,16.5060623,16.2569431,17.148399353027344,16.528400421142578,16.310199737548828,16.21820068359375,306.55410562,2.89113188
CFA4,15.617146200000002,14.755973800000001,14.445970800000001,14.134466500000002,15.05370044708252,14.396499633789062,14.10789966583252,13.980500221252441,306.55410344,2.84557718
CFA4,15.2823428,14.6849372,14.5073527,14.349098000000001,14.878299713134766,14.465100288391113,14.31779956817627,14.305700302124023,306.55249072,2.87703929
CFA4,17.7665336,17.0608264,16.8042014,16.5642349,17.230600357055664,16.7362003326416,16.523500442504883,16.449600219726562,306.55131284,2.88595771
CFA4,13.954555099999999,13.1222049,12.790645399999999,12.5037693,13.44890022277832,-999.0,-999.0,-999.0,306.54952915,2.859921
CFA4,17.4079267,16.620993300000002,16.329467300000005,16.069111200000002,16.909400939941406,16.29789924621582,16.04170036315918,15.940699577331543,306.54902391,2.90095867
CFA4,16.7408851,15.9958749,15.7392499,15.5320482,16.2322998046875,15.690500259399414,15.498499870300293,15.42770004272461,306.54290545,2.89315029
CFA4,17.725723,17.123077,16.889034999999996,16.5630037,17.459800720214844,16.83639907836914,16.555500030517578,16.433700561523438,306.53588561,2.91236431
CFA4,17.4421031,16.2254569,15.610583400000001,14.961964300000002,16.752300262451172,15.562199592590332,14.960399627685547,14.690500259399414,306.5333569,2.84140837
CFA4,17.487239499999998,16.8889605,16.627203,16.3657476,17.15060043334961,16.628999710083008,16.39859962463379,16.315500259399414,57.51222361,-3.32702576
CFA4,15.4760788,14.8088012,14.575785699999999,14.339855,15.0802001953125,14.579000473022461,14.37600040435791,14.302499771118164,57.50565115,-3.3141331
CFA4,17.641985500000004,16.711814500000003,16.2991615,15.932626600000003,17.10059928894043,16.287799835205078,15.952300071716309,15.805700302124023,57.50282332,-3.30199355
CFA4,17.676906600000002,16.8052534,16.4398194,16.1315272,17.17099952697754,16.436800003051758,16.157800674438477,16.027099609375,57.4976398,-3.35484287
CFA4,17.125281100000002,16.4850789,16.2438514,16.024323900000002,16.743000030517578,16.24169921875,16.060400009155273,15.994799613952637,57.48887574,-3.19315441
CFA4,16.428558,15.782242,15.560518,15.3532279,16.020299911499023,15.546699523925781,15.363699913024902,15.296799659729004,57.45810012,-3.26449746
CFA4,15.403157699999998,14.677362299999999,14.417657799999999,14.193057599999998,14.951000213623047,14.406700134277344,14.216699600219727,14.117199897766113,57.45061504,-3.28390627
CFA4,16.9246082,16.1857118,15.9136893,15.6604511,16.47330093383789,15.908599853515625,15.683799743652344,15.584600448608398,57.44573355,-3.24430496
CFA4,13.8924834,13.2793566,13.0740566,12.881059500000001,-999.0,-999.0,-999.0,-999.0,57.44264796,-3.35171856
CFA4,15.9029425,15.2260575,14.983803499999999,14.7612069,15.465299606323242,14.9576997756958,14.753299713134766,14.668999671936035,57.40346896,-3.2934117
CFA4,15.671513499999998,14.881086499999999,14.571083499999999,14.228862199999998,15.226300239562988,14.58590030670166,14.276399612426758,14.127799987792969,57.3577793,-3.18780626
CFA4,14.987193600000001,14.4561664,14.284740900000001,14.115207700000001,14.67609977722168,14.292699813842773,14.143500328063965,14.116999626159668,129.15675955,28.07456709
CFA4,15.465012800000002,14.7802672,14.529801200000001,14.276508399999999,15.083000183105469,14.543499946594238,14.306500434875488,14.233699798583984,129.15497009,28.11028034
CFA4,16.3066771,15.7712829,15.5978044,15.422133,15.993499755859375,15.59749984741211,15.441200256347656,15.411100387573242,129.13968474,28.1484457
CFA4,15.968187799999999,15.0650922,14.692472700000001,14.3493861,15.46150016784668,14.700699806213379,14.383199691772461,14.25059986114502,129.13383652,28.09902562
CFA4,17.250707199999997,16.538012799999997,16.286520299999996,16.0659949,16.84600067138672,16.286399841308594,16.076200485229492,16.001300811767578,129.13350112,28.08987292
CFA4,16.9850214,16.2496186,15.970410600000001,15.746883700000001,16.554899215698242,15.985699653625488,15.768500328063965,15.700200080871582,129.1302068,28.15189696
CFA4,17.2519396,16.3890204,16.0061359,15.6425973,16.78190040588379,16.006200790405273,15.675700187683105,15.532699584960938,129.11626341,27.98872575
CFA4,16.199748800000002,15.4451312,15.152578700000001,14.918846600000002,15.747699737548828,15.154399871826172,14.90820026397705,14.832099914550781,129.09873778,28.00865857
CFA4,12.8222639,12.2833761,12.123242099999999,12.001803599999999,-999.0,-999.0,-999.0,-999.0,129.09559181,28.02264414
CFA4,17.4949095,16.8092905,16.527003,16.294268799999998,17.100099563598633,16.541099548339844,16.3302001953125,16.265199661254883,129.09424169,28.14092903
CFA4,17.4513944,16.5500456,16.1753731,15.854817500000001,16.92530059814453,16.180599212646484,15.845499992370605,15.698599815368652,129.09244026,27.98986509
CFA4,17.899134700000005,16.902585300000002,16.371884800000004,15.946262700000002,17.38319969177246,16.380599975585938,15.950799942016602,15.761899948120117,129.0903587,27.9814863
CFA4,17.218507799999998,16.664772199999998,16.4471542,16.285929199999998,16.900999069213867,16.472400665283203,16.30229949951172,16.26810073852539,129.08583333,28.14643961
CFA4,18.241833500000002,17.8007665,17.608811,17.445473200000002,17.947500228881836,17.618099212646484,17.4773006439209,17.45439910888672,129.06900739,28.1196447
CFA4,16.270136200000003,15.6709838,15.4882668,15.3290012,15.885600090026855,15.458999633789062,15.3016996383667,15.275400161743164,129.0454288,28.03443872
CFA4,17.590616800000003,16.8010632,16.4941397,16.2379182,17.09869956970215,16.46030044555664,16.208900451660156,16.126800537109375,129.03213834,28.00647985
CFA4,16.1496943,15.5129857,15.3015267,15.1064974,15.761199951171875,15.30620002746582,15.127099990844727,15.080599784851074,129.01790688,28.10499533
CFA4,18.061119,17.563281,17.425729999999998,17.3257362,17.672800064086914,17.39859962463379,17.27739906311035,17.256900787353516,129.01102296,28.0572705
CFA4,14.0355867,13.4233333,13.229324799999999,13.0700878,13.652000427246094,-999.0,-999.0,13.049200057983398,129.00336123,28.07489224
CFA4,16.305162000000003,15.554038,15.291254,15.045159700000001,15.841899871826172,15.263500213623047,15.023900032043457,14.944299697875977,129.0009672,28.01529844
CFA4,16.828888,16.269911999999998,16.096433499999996,15.928953299999998,16.514999389648438,16.103099822998047,15.952400207519531,15.911600112915039,128.99611903,28.1499788
CFA4,16.8413815,16.0160185,15.6916445,15.4231804,16.322399139404297,15.656900405883789,15.392900466918945,15.297200202941895,128.99546079,27.98621818
CFA4,15.839774600000002,14.933185400000001,14.5400359,14.219527100000002,15.333100318908691,14.539299964904785,14.233699798583984,14.116999626159668,128.9747594,28.08571366
CFA4,17.899015700000003,17.400304300000002,17.248382300000003,17.082895300000004,17.59309959411621,17.250499725341797,17.106000900268555,17.07819938659668,32.39309522,-23.39728373
CFA4,16.684589499999998,15.6496105,15.176394,14.787486699999999,16.130800247192383,15.181699752807617,14.815899848937988,14.670700073242188,32.38587366,-23.47605589
CFA4,15.3982409,14.5885991,14.2878346,14.026478000000001,14.931099891662598,14.289899826049805,14.053500175476074,13.964400291442871,32.38140253,-23.46359262
CFA4,14.1177244,13.3037156,12.9824211,12.7303316,13.651300430297852,-999.0,-999.0,-999.0,32.3616451,-23.42143404
CFA4,14.7205365,14.200863499999999,14.054073999999998,13.9315778,14.384200096130371,14.049500465393066,13.954299926757812,13.945099830627441,32.352596,-23.41835313
CFA4,17.7659454,17.2750946,17.1118811,16.95359,17.481300354003906,17.119699478149414,16.982999801635742,16.956499099731445,32.34590939,-23.3669097
CFA4,15.3105537,14.6895663,14.4873458,14.318914499999998,14.931300163269043,14.481900215148926,14.329500198364258,14.291500091552734,32.30719585,-23.43110873
CFA4,16.1632596,15.649700399999999,15.505990399999998,15.3630084,15.811599731445312,15.464200019836426,15.343199729919434,15.328100204467773,32.29939962,-23.49176342
CFA4,14.142987,13.610213,13.460344,13.3224971,13.78969955444336,13.42199993133545,-999.0,13.291299819946289,32.2891437,-23.47199609
CFA4,16.8618349,16.2094051,15.989734100000002,15.821347000000001,16.480600357055664,15.99020004272461,15.816699981689453,15.768799781799316,32.28474895,-23.47623208
CFA4,13.2267689,12.5568711,12.3382266,12.1708608,-999.0,-999.0,-999.0,-999.0,32.27621294,-23.39144846
CFA4,14.9271089,14.0825311,13.737627100000001,13.474334500000001,14.471500396728516,13.773599624633789,13.52929973602295,13.451199531555176,32.27410729,-23.33685557
CFA4,17.389907999999995,16.306891999999998,15.805959999999999,15.351593299999998,16.83169937133789,15.824399948120117,15.398099899291992,15.219900131225586,32.27158621,-23.34920277
CFA4,13.739106099999999,13.317253899999999,13.1951004,13.0960915,-999.0,-999.0,-999.0,13.140399932861328,32.26852739,-23.3312022
CFA4,16.258499200000003,15.755420800000001,15.613763800000001,15.479991700000001,15.906700134277344,15.5625,15.446800231933594,15.428299903869629,32.24501463,-23.48529052
CFA4,16.1331433,15.0859367,14.586031199999999,14.158283299999999,15.577699661254883,14.610300064086914,14.201499938964844,14.017600059509277,30.49990928,15.25107807
CFA4,14.7405336,14.0348264,13.757671400000001,13.5023984,14.329000473022461,13.73639965057373,13.52649974822998,13.44320011138916,30.49115494,15.40263445
CFA4,17.1383227,16.4561973,16.2149698,16.010800800000002,16.711299896240234,16.21310043334961,16.046199798583984,15.97719955444336,30.46636115,15.33537325
CFA4,17.3867358,16.0993442,15.4670202,14.625952100000001,16.688100814819336,15.487000465393066,14.67710018157959,14.320099830627441,30.46182695,15.27183186
CFA4,14.768715799999999,14.005364199999999,13.724103199999998,13.485223,14.320300102233887,13.73900032043457,13.505000114440918,13.431400299072266,30.45260173,15.28170963
CFA4,16.9245881,16.1009719,15.7570944,15.454891,16.466100692749023,15.793499946594238,15.516300201416016,15.402999877929688,30.43899382,15.38280522
CFA4,14.3349496,13.2100104,12.7614299,12.3355998,13.720800399780273,-999.0,-999.0,-999.0,30.40982202,15.40058206
CFA4,16.1752553,15.6870247,15.5607652,15.4249063,15.848699569702148,15.526200294494629,15.405200004577637,15.375800132751465,30.40978386,15.24617743
CFA4,17.0667703,16.1855097,15.8272612,15.5332854,16.541200637817383,15.826199531555176,15.547599792480469,15.59119987487793,30.40610058,15.32323965
CFA4,16.3433298,15.2131502,14.673211199999999,14.1851546,15.744500160217285,14.68649959564209,14.229900360107422,14.031900405883789,30.40393633,15.37822617
CFA4,16.9017129,15.9523271,15.5427536,15.191569399999999,16.343299865722656,15.51449966430664,15.187999725341797,15.032299995422363,30.3684108,15.29791241
CFA4,18.157876400000003,16.854763600000002,16.2121746,15.466355200000002,17.468399047851562,16.243799209594727,15.52869987487793,15.204000473022461,30.36456489,15.40640129
CFA4,17.9836369,17.2788031,17.0386021,16.8026896,17.519399642944336,17.002399444580078,16.78179931640625,16.69930076599121,30.35876343,15.28842366
CFA4,15.2367244,14.4227156,14.1168186,13.824758000000001,14.760499954223633,14.136699676513672,13.855999946594238,13.733499526977539,30.3521483,15.37493418
CFA4,16.856367199999998,16.3183528,16.1582188,15.994800399999999,16.499000549316406,16.13719940185547,16.00749969482422,15.972399711608887,30.34955676,15.35652057
CFA4,17.9880415,17.3373585,17.083813,16.838719200000003,17.605600357055664,17.090999603271484,16.865699768066406,16.777799606323242,30.34519408,15.41332455
CFA4,16.9398621,15.9240979,15.4478019,14.9790382,16.385799407958984,15.45199966430664,15.01449966430664,14.79800033569336,5.79412131,6.96900115
CFA4,17.727418799999995,16.885461199999998,16.5692992,16.2854558,17.206100463867188,16.553199768066406,16.30620002746582,16.21660041809082,5.78277688,6.91001404
CFA4,18.3696282,17.1066918,16.5000303,15.7971237,17.717300415039062,16.50149917602539,15.834199905395508,15.547200202941895,5.77400768,6.92065655
CFA4,15.6785035,15.1500965,14.983803499999999,14.8306397,15.348099708557129,14.980199813842773,14.848099708557129,14.820199966430664,5.76805625,6.96671718
CFA4,18.0075924,17.1586476,16.8116906,16.484921399999998,17.53569984436035,16.80500030517578,16.50480079650879,16.35580062866211,5.75528051,6.93401997
CFA4,16.791591000000004,16.154009000000002,15.9476825,15.772094300000003,16.4064998626709,15.944999694824219,15.791500091552734,15.758999824523926,5.74600846,7.02471791
CFA4,18.126426,17.445173999999998,17.175204499999996,16.9567737,17.70199966430664,17.182199478149414,16.982999801635742,16.901100158691406,5.74422558,7.05126005
CFA4,17.3217402,16.6177798,16.3570488,16.100710300000003,16.916400909423828,16.350200653076172,16.125699996948242,16.039100646972656,5.7409407,7.01753489
CFA4,16.3557445,15.626455499999999,15.360591999999999,15.128840099999998,15.92080020904541,15.361700057983398,15.15310001373291,15.08549976348877,5.72999332,7.0070387
CFA4,15.344378699999998,14.941741299999999,14.8329323,14.7175072,15.078700065612793,14.815500259399414,14.727700233459473,14.719099998474121,5.72703191,6.95698129
CFA4,15.746756,15.152844,14.9814185,14.8200765,15.391500473022461,14.970399856567383,14.847299575805664,14.825599670410156,5.70230607,7.03265797
CFA4,18.2006082,17.4617118,17.1599208,16.9108536,17.733699798583984,17.17329978942871,16.936399459838867,16.854799270629883,5.69651783,6.98726963
CFA4,15.5397947,14.7179253,14.3945778,14.104609199999999,15.046699523925781,14.377799987792969,14.09529972076416,13.985400199890137,5.64982003,6.96906596
CFA4,15.522535099999999,15.2142249,15.1659794,15.12105,15.28969955444336,15.150300025939941,15.121399879455566,15.161399841308594,161.82933873,26.47220042
CFA4,18.1371548,17.2253252,16.8383347,16.505523500000002,17.682100296020508,16.838499069213867,16.520000457763672,16.38330078125,161.79171634,26.45435906
CFA4,17.414110299999997,16.358169699999998,15.867502699999998,15.448946499999998,16.849599838256836,15.862500190734863,15.469200134277344,15.302000045776367,161.79135468,26.53281947
CFA4,17.9562251,17.0365349,16.6834189,16.400693,17.41200065612793,16.674299240112305,16.405000686645508,16.322999954223633,161.74029143,26.56368088
CFA4,16.267388699999998,15.6027313,15.3799808,15.1931713,15.840999603271484,15.369099617004395,15.193599700927734,15.134599685668945,161.73919449,26.53485608
CFA4,15.322801899999998,14.6616381,14.434781599999999,14.2500303,14.897700309753418,14.417799949645996,14.253600120544434,14.191100120544434,161.73418808,26.52949608
CFA4,14.2487388,13.7561412,13.6298817,13.5155247,13.902199745178223,19.4685001373291,-999.0,13.482600212097168,161.72592428,26.4977083
CFA4,16.388447499999998,15.5805525,15.2910795,15.043004999999999,15.901900291442871,15.284199714660645,15.062600135803223,14.979100227355957,161.72294752,26.57150716
CFA4,17.002512100000004,16.423447900000003,16.244836900000003,16.078393600000002,16.598499298095703,16.21619987487793,16.063600540161133,16.003000259399414,161.7000193,26.52272109
CFA4,16.9174489,15.8981911,15.4136831,14.986920099999999,16.370800018310547,15.419500350952148,15.023699760437012,14.838899612426758,348.86777017,19.02698112
CFA4,15.851931,15.039669,14.7389045,14.473452299999998,15.385000228881836,14.739500045776367,14.499600410461426,14.404500007629395,348.85853206,18.98838394
CFA4,16.7208851,15.975874899999999,15.7017994,15.4700683,16.2593994140625,15.692899703979492,15.474200248718262,15.397199630737305,348.85255179,18.93490967
CFA4,14.2882108,13.6558692,13.418747699999999,13.184875199999999,13.92609977722168,13.443699836730957,-999.0,13.179499626159668,348.84777301,19.08560897
CFA4,15.950256699999997,15.2506633,14.988905799999998,14.717211399999998,15.54170036315918,15.004400253295898,14.756799697875977,14.655500411987305,348.83232729,19.06635768
CFA4,14.924669900000001,14.2285701,13.975024600000001,13.7514327,14.502400398254395,13.973899841308594,13.76990032196045,13.68589973449707,348.78350192,19.01169158
CFA4,14.653004200000002,14.0189158,13.8156688,13.6329055,14.236100196838379,13.783300399780273,13.630399703979492,13.56879997253418,348.78246222,18.95273467
CFA4,16.625988399999997,15.8818516,15.611882099999999,15.351471399999998,16.200899124145508,15.617300033569336,15.391599655151367,15.299699783325195,348.76353941,19.08464603
CFA4,16.3434475,15.5355525,15.2378675,14.985718199999999,15.851200103759766,15.21969985961914,14.981599807739258,14.88010025024414,348.75993114,18.99388394
CFA4,16.914316900000003,15.860123100000001,15.4043571,15.012333900000002,16.312999725341797,15.381600379943848,15.010899543762207,14.837900161743164,348.75603692,18.99043911
CFA4,17.5797315,16.3176685,15.7387225,15.169876599999998,16.856199264526367,15.69320011138916,15.172300338745117,14.923299789428711,348.7495547,18.9693631
CFA4,15.3236656,14.6528944,14.426037899999999,14.196235,14.885100364685059,14.381799697875977,14.180100440979004,14.103699684143066,348.73407906,18.94968072
CFA4,16.758718700000003,16.1814013,16.0007373,15.7984627,16.41309928894043,15.99370002746582,15.834699630737305,15.775500297546387,220.66746197,-17.2215842
CFA4,14.677751699999998,14.109168299999999,13.935689799999999,13.762066199999998,14.338899612426758,13.942700386047363,13.78219985961914,13.743200302124023,220.65504904,-17.25622894
CFA4,14.3941304,13.4229096,13.050290100000002,12.6498651,13.862799644470215,-999.0,-999.0,-999.0,220.65050415,-17.19342733
CFA4,14.5766484,14.0071916,13.8337131,13.6600895,14.241100311279297,13.839099884033203,13.687199592590332,13.644800186157227,220.64491351,-17.23804476
CFA4,17.3980616,16.8320984,16.6781234,16.5013787,17.19930076599121,16.78350067138672,16.607200622558594,16.53820037841797,220.64238058,-17.23476777
CFA4,16.7984059,16.0324341,15.7655441,15.5051256,16.35890007019043,15.756400108337402,15.522299766540527,15.422499656677246,220.62839735,-17.28260947
CFA4,14.254025700000001,13.4932943,13.2264043,12.9659858,13.825900077819824,-999.0,-999.0,-999.0,220.60171471,-17.20203393
CFA4,14.993015600000001,13.8855444,13.446202399999999,13.0070382,14.373900413513184,-999.0,-999.0,-999.0,220.59556362,-17.1970078
CFA4,13.9814992,13.4784208,13.332657800000002,13.1517967,13.687399864196777,13.331999778747559,13.176600456237793,13.239299774169922,220.58021802,-17.20924516
CFA4,16.5423514,15.894288600000001,15.683856100000002,15.487800300000002,16.150400161743164,15.67549991607666,15.517000198364258,15.467599868774414,38.24384214,0.55224963
CFA4,15.505883700000002,14.9722363,14.8151818,14.685544300000002,15.168000221252441,14.814800262451172,14.696599960327148,14.68649959564209,38.23440714,0.52999714
CFA4,16.7439784,16.2618616,16.105833599999997,15.953667699999999,16.4596004486084,16.118200302124023,15.996600151062012,15.971500396728516,38.22033955,0.66085988
CFA4,13.8905379,13.159502100000001,12.894665100000001,12.665982300000001,-999.0,-999.0,-999.0,-999.0,38.21545785,0.6168256
CFA4,13.5846814,13.0239586,12.8556126,12.7300993,-999.0,-999.0,-999.0,-999.0,38.20922699,0.55764844
CFA4,16.8423226,15.5514374,14.9016629,13.937770999999998,16.148799896240234,14.932600021362305,13.99470043182373,13.573599815368652,38.19076008,0.5708282
CFA4,17.401210799999998,16.768869199999997,16.537906699999997,16.344974599999997,17.003299713134766,16.540700912475586,16.361400604248047,16.312599182128906,38.18392886,0.62391372
CFA4,17.2368578,16.246422199999998,15.776285199999998,15.347437999999997,16.787500381469727,15.836799621582031,15.41349983215332,15.215100288391113,38.15441818,0.66109225
CFA4,14.018503500000001,13.490096500000002,13.310459000000002,13.153233400000001,13.69379997253418,-999.0,-999.0,13.156299591064453,38.152871,0.65543645
CFA4,16.462720100000002,15.6740399,15.3979114,15.150827000000001,15.977499961853027,15.379300117492676,15.137700080871582,15.045499801635742,38.13385149,0.59297281
CFA4,17.5477014,16.4629386,15.934291100000001,15.4830663,16.93709945678711,15.943599700927734,15.505800247192383,15.320099830627441,38.11319304,0.65275381
CFA4,16.9435982,16.466721800000002,16.3414888,16.208699000000003,16.61199951171875,16.298999786376953,16.17300033569336,16.16670036315918,38.1012179,0.58660325
CFA4,14.240781799999999,13.4948982,13.2351937,13.049501699999999,13.80270004272461,13.64900016784668,-999.0,13.053000450134277,256.02031287,31.56164769
CFA4,13.824351400000001,13.176288600000001,12.964829600000002,12.798469500000001,13.439399719238281,-999.0,-999.0,-999.0,256.01975671,31.55607953
CFA4,17.594202099999997,16.4037579,15.829944399999999,15.227296799999998,16.977699279785156,15.832300186157227,15.2608003616333,15.007499694824219,256.01649319,31.48229794
CFA4,16.8302739,16.0293661,15.735787100000001,15.5041054,16.33169937133789,15.729100227355957,15.5068998336792,15.430299758911133,256.00846869,31.41808941
CFA4,17.0483098,16.4421702,16.2399497,16.071518400000002,16.632600784301758,16.222900390625,16.05500030517578,16.014299392700195,256.00808614,31.41322761
CFA4,16.5439267,15.756993300000001,15.4808648,15.254258400000001,16.058500289916992,15.486700057983398,15.266599655151367,15.203200340270996,256.00597976,31.56376821
CFA4,16.840718700000004,16.2634013,16.094028800000004,15.939848900000001,16.4468994140625,16.06679916381836,15.926899909973145,15.909799575805664,256.00354452,31.54534929
CFA4,16.3314791,15.7436809,15.5548049,15.40477,15.978599548339844,15.575900077819824,15.430800437927246,15.410900115966797,256.00261305,31.58426695
CFA4,17.448490600000003,16.996069400000003,16.856465400000005,16.738046600000004,17.114900588989258,16.836599349975586,16.720699310302734,16.710100173950195,255.99179638,31.51327987
CFA4,17.7503442,16.941575800000003,16.631572800000004,16.379454700000004,17.218399047851562,16.605499267578125,16.364500045776367,16.28820037841797,255.97779809,31.44850424
CFA4,16.818177799999997,16.1771022,15.9861732,15.810546,16.38759994506836,15.955900192260742,15.798100471496582,15.766500473022461,255.96999274,31.43060342
CFA4,16.8910874,16.1731526,15.9237131,15.694991300000002,16.465900421142578,15.937199592590332,15.719599723815918,15.65060043334961,255.96312485,31.56459981
CFA4,17.128086,16.621514,16.476777500000004,16.335845900000002,16.765300750732422,16.438499450683594,16.30780029296875,16.28809928894043,255.95355418,31.4322708
CFA4,15.960958299999998,15.3941217,15.237067199999998,15.085927799999999,15.565899848937988,15.191499710083008,15.056599617004395,15.036100387573242,255.94936965,31.42699246
CFA4,17.5365135,16.7460865,16.451481,16.229017000000002,17.249399185180664,16.70319938659668,16.491899490356445,16.421100616455078,255.94778832,31.48882316
CFA4,15.3287904,14.5322496,14.2284056,14.0008455,14.827300071716309,14.208399772644043,13.99209976196289,13.921799659729004,255.94172999,31.48423392
CFA4,16.316285399999998,15.650754599999999,15.450587099999998,15.294437399999998,15.8503999710083,15.414600372314453,15.259900093078613,15.23740005493164,255.93786844,31.45728778
CFA4,16.2550472,15.3676728,15.000185799999999,14.7113529,15.714099884033203,14.980500221252441,14.696499824523926,14.595600128173828,255.93734599,31.47642342
CFA4,14.779651199999998,13.7874688,13.3902133,13.0195438,14.177200317382812,13.349100112915039,-999.0,-999.0,255.93116908,31.44682903
CFA4,16.4470659,15.8557741,15.6740836,15.512767599999998,16.013900756835938,15.62660026550293,15.490599632263184,15.438799858093262,255.92947757,31.4676203
CFA4,16.1517488,15.3971312,15.146665200000001,14.950710800000001,15.682100296020508,15.149999618530273,14.966099739074707,14.915499687194824,255.92602836,31.53914503
CFA4,17.2288593,16.6358207,16.456183199999998,16.320459500000002,16.866600036621094,16.47920036315918,16.342599868774414,16.317699432373047,255.92321976,31.57408631
CFA4,14.287147700000002,13.8233723,13.701218800000001,13.6134728,13.948699951171875,13.676400184631348,13.596699714660645,13.612600326538086,255.92076527,31.49015531
CFA4,16.492540799999997,15.9475392,15.799723199999999,15.673134,16.083099365234375,15.744099617004395,15.620200157165527,15.606599807739258,255.90556206,31.42081059
CFA4,14.9617431,14.4438169,14.2877889,14.157124900000001,14.611200332641602,14.293600082397461,14.161399841308594,14.148699760437012,255.90340491,31.51981937
CFA4,16.267408800000002,15.687471200000001,15.512966200000001,15.347536400000001,15.855899810791016,15.470100402832031,15.309900283813477,15.272600173950195,255.89602523,31.46389984
CFA4,15.847335600000001,15.0892244,14.8233609,14.6079914,15.357199668884277,14.81719970703125,14.624500274658203,14.57390022277832,255.88611516,31.47476497
CFA4,17.8527603,17.2335197,17.026166699999997,16.836246499999998,17.459800720214844,17.032499313354492,16.857799530029297,16.796899795532227,255.88368967,31.57378491
CFA4,16.115537900000003,15.3845021,15.1063206,14.8961018,15.70199966430664,15.106499671936035,14.882499694824219,14.7947998046875,194.93741936,27.94925448
CFA4,17.270954,16.729446,16.5395435,16.3762005,16.88990020751953,16.50659942626953,16.3351993560791,16.29450035095215,194.92245625,28.00215982
CFA4,17.5740459,17.5067941,17.5971261,17.79451,17.423900604248047,17.504899978637695,17.66360092163086,17.855600357055664,194.89405605,27.91443562
CFA4,17.228991299999997,16.6708887,16.509728199999998,16.381124999999997,16.873300552368164,16.48040008544922,16.331499099731445,16.2987003326416,194.86056007,28.00663017
CFA4,18.0555609,17.5952791,17.4464366,17.3126827,17.66189956665039,17.37190055847168,17.27400016784668,17.2539005279541,194.85532534,27.98539823
CFA4,16.772865,15.943135,15.648529499999999,15.457806399999999,16.263700485229492,15.619400024414062,15.396300315856934,15.327500343322754,194.85319936,27.93995065
CFA4,16.562842,15.462358,14.9521875,14.5316329,15.94789981842041,14.953399658203125,14.526599884033203,14.343600273132324,194.82776918,28.02864522
CFA4,16.5779741,16.1211859,16.0051914,15.914358100000001,16.21540069580078,15.949399948120117,15.846799850463867,15.838299751281738,194.81617071,27.95285336
CFA4,17.3840774,16.9281626,16.800876600000002,16.6732115,17.072200775146484,16.774499893188477,16.668800354003906,16.6653995513916,194.80725163,28.03619374
CFA4,16.1950128,15.510267200000001,15.2700662,15.102755000000002,15.773900032043457,15.253700256347656,15.065899848937988,15.00570011138916,194.79909223,28.00104156
CFA4,16.7663887,16.1017313,15.882060300000001,15.703434200000002,16.36520004272461,15.884599685668945,15.696599960327148,15.633299827575684,194.76737659,28.06344006
CFA4,16.1087947,15.2869253,14.9861608,14.716612999999999,15.61769962310791,14.988800048828125,14.690500259399414,14.586099624633789,194.75495232,28.03435767
CFA4,17.604540800000002,17.059539200000003,16.862451200000002,16.686839600000003,17.266000747680664,16.849899291992188,16.682300567626953,16.631999969482422,202.43624492,11.86886723
CFA4,17.3571031,16.1404569,15.5574049,14.9445417,16.734399795532227,15.595800399780273,15.003000259399414,14.727899551391602,202.43573694,11.8493936
CFA4,17.8711563,17.3567237,17.1503972,16.9758329,17.596599578857422,17.15369987487793,16.97719955444336,16.90730094909668,202.43540438,11.795449
CFA4,15.500921,14.950679,14.7730945,14.6148398,15.194899559020996,14.782299995422363,14.63599967956543,14.602100372314453,202.42061604,11.88188408
CFA4,14.2044791,13.6166809,13.4257519,13.248076900000001,13.86460018157959,-999.0,-999.0,13.221099853515625,202.41678067,11.77806807
CFA4,17.574468999999997,16.639930999999997,16.243702,15.878149399999998,17.058500289916992,16.262399673461914,15.918399810791016,15.743200302124023,202.40820303,11.79400314
CFA4,17.595748800000003,16.841131200000003,16.542419700000004,16.300512000000005,17.183799743652344,16.578500747680664,16.3439998626709,16.25119972229004,202.3821305,11.87413831
CFA4,17.3446699,16.6485701,16.3950246,16.1878151,16.92169952392578,16.388500213623047,16.203500747680664,16.133100509643555,202.37670735,11.80539146
CFA4,17.757085999999997,17.250514,17.1160425,16.9791805,17.4512996673584,17.121000289916992,17.0093994140625,16.98069953918457,202.37508225,11.8472473
CFA4,18.003317000000003,17.557883,17.434703,17.2537847,17.7539005279541,17.43440055847168,17.29290008544922,17.258800506591797,202.36034005,11.87333423
CFA4,17.069088799999996,16.139791199999998,15.708661199999998,15.365722799999997,16.592100143432617,15.738800048828125,15.412500381469727,15.27180004119873,202.35845574,11.86072649
CFA4,17.8962022,17.3145178,17.1851788,17.0114434,17.505699157714844,17.135099411010742,17.00779914855957,16.98040008544922,202.35380795,11.75860518
CFA4,17.544159099999998,16.6070009,16.1635529,15.816550099999999,16.997900009155273,16.132999420166016,15.80270004272461,15.65880012512207,202.3088012,11.79185993
CFA4,13.476880799999998,12.757199199999999,12.5057067,12.305659299999999,-999.0,-999.0,-999.0,-999.0,202.29043049,11.77850053
CFA4,17.6872553,17.1990247,17.027599199999997,16.8939025,17.384899139404297,17.030099868774414,16.903400421142578,16.881500244140625,250.89421504,32.61109306
CFA4,15.9500171,15.2399429,14.9946094,14.7812357,15.535699844360352,15.0068998336792,14.799500465393066,14.74590015411377,250.87527833,32.6351942
CFA4,17.299545099999996,16.7292149,16.5464979,16.394399599999996,16.949199676513672,16.553499221801758,16.401500701904297,16.373899459838867,250.86986023,32.60252162
CFA4,17.9696426,17.0281174,16.6123849,16.305244,17.4281005859375,16.630300521850586,16.319400787353516,16.19969940185547,250.86254449,32.62930498
CFA4,17.000388700000002,16.335731300000003,16.124272300000005,15.924123500000004,16.61400032043457,16.13159942626953,15.94729995727539,15.898599624633789,250.86036612,32.74500537
CFA4,17.767052999999997,17.251746999999998,17.075188999999998,16.9374097,17.393999099731445,17.074800491333008,16.94300079345703,16.926000595092773,250.84645426,32.62985541
CFA4,16.9156398,16.3968402,16.2387592,16.0999092,16.566699981689453,16.230199813842773,16.10919952392578,16.097299575805664,250.82844364,32.64688339
CFA4,17.255954,16.714446,16.5512325,16.394989199999998,16.888399124145508,16.52589988708496,16.393400192260742,16.37220001220703,250.82416196,32.59753466
CFA4,13.4326527,12.8378673,12.6602828,12.529673399999998,-999.0,-999.0,-999.0,-999.0,250.81285118,32.61660983
CFA4,17.864375799999998,17.2757042,17.1278882,16.984916600000002,17.41320037841797,17.085100173950195,16.973100662231445,16.940500259399414,250.81210461,32.62985729
CFA4,13.6531319,13.0793081,12.8965911,12.7516601,-999.0,-999.0,-999.0,-999.0,250.80238225,32.70220099
CFA4,15.762591,15.125009,14.925868,14.7471899,15.387100219726562,14.944199562072754,14.767600059509277,14.730999946594238,250.80104384,32.72138587
CFA4,13.7156656,13.044894399999999,12.818037899999998,12.645573399999998,-999.0,-999.0,-999.0,-999.0,250.79387067,32.66121073
CFA4,14.101681399999999,13.5409586,13.3695331,13.2163823,13.782400131225586,-999.0,-999.0,13.245599746704102,250.7808643,32.75070428
CFA4,15.7691692,15.1787508,15.0011663,14.8531506,15.354599952697754,14.970199584960938,14.8149995803833,14.7923002243042,250.7756469,32.61643619
CFA4,14.4002022,13.8185178,13.654277800000001,13.540017,13.977800369262695,13.943499565124512,13.484700202941895,13.502300262451172,250.76297699,32.59547669
CFA4,17.8588535,16.8937465,16.4975175,16.1913511,17.25550079345703,16.45599937438965,16.157800674438477,16.036399841308594,250.75698611,32.61404805
CFA4,17.8920401,17.452719899999998,17.273082399999996,17.1496455,17.588499069213867,17.255300521850586,17.133499145507812,17.1200008392334,250.73985784,32.70063368
CFA4,17.4484934,16.5733466,16.2171511,15.934433,16.962400436401367,16.26099967956543,15.977299690246582,15.871899604797363,250.72405742,32.75313372
CFA4,17.487776099999998,16.9785839,16.822555899999998,16.6796051,17.14929962158203,16.825000762939453,16.69300079345703,16.678300857543945,250.71520267,32.72225396
CFA4,15.9346355,15.441164500000001,15.298481000000002,15.1790461,15.561800003051758,15.258700370788574,15.14840030670166,15.145299911499023,250.71144803,32.67561694
CFA4,16.1309755,15.4628245,15.229809,15.0010456,15.753800392150879,15.246500015258789,15.027199745178223,14.95419979095459,230.74804908,-5.93134079
CFA4,16.2042739,15.4033661,15.1077341,14.8084802,15.747099876403809,15.133899688720703,14.853599548339844,14.729900360107422,230.74491748,-5.95816135
CFA4,17.2339009,16.5989391,16.3813211,16.169925,16.87470054626465,16.390199661254883,16.193500518798828,16.140600204467773,230.73842294,-5.88039183
CFA4,16.4724834,15.8593566,15.653030099999999,15.4682268,16.1289005279541,15.668000221252441,15.497200012207031,15.467499732971191,230.73315672,-5.885592
CFA4,15.122407299999999,14.1450727,13.7704002,13.4692987,14.591699600219727,13.817999839782715,13.576499938964844,13.384599685668945,230.73293129,-5.8633622
CFA4,15.2163141,14.5848459,14.384678399999999,14.2029312,14.845499992370605,14.385499954223633,14.230500221252441,14.184800148010254,230.731649,-5.94463843
CFA4,17.126147699999997,16.662372299999998,16.509423799999997,16.362369599999997,16.84779930114746,16.50790023803711,16.37030029296875,16.34830093383789,230.73150441,-5.90819924
CFA4,16.812656899999997,15.5837831,14.9740421,14.3499836,16.177000045776367,15.016599655151367,14.406700134277344,14.117799758911133,230.71125374,-5.92727407
CFA4,16.4473571,15.5626029,15.172532899999998,14.7721521,15.911999702453613,15.160699844360352,14.823200225830078,14.559700012207031,230.70542463,-5.97052406
CFA4,15.128463300000002,14.430616700000002,14.166806200000002,13.928905700000001,14.712400436401367,14.165599822998047,13.946700096130371,13.854000091552734,230.69563751,-5.98632131
CFA4,15.8872567,15.1876633,14.9505418,14.7453385,15.469499588012695,14.97089958190918,14.777000427246094,14.71090030670166,230.69384184,-5.88692565
CFA4,16.8292309,16.2816091,16.0968391,15.913005100000001,16.54360008239746,16.13960075378418,15.953700065612793,15.912400245666504,230.69331003,-5.83921885
CFA4,14.317203600000001,13.5241564,13.228524400000001,12.938485600000002,13.847999572753906,-999.0,-999.0,-999.0,230.68865585,-5.99900564
CFA4,16.2809855,15.3508145,14.955612,14.6125826,15.779399871826172,14.986499786376953,14.63029956817627,14.490099906921387,230.68034233,-5.918728
CFA4,17.2263485,16.3922515,16.138706,15.885421000000001,16.791000366210938,16.170499801635742,15.924300193786621,15.81760025024414,230.6635955,-5.99353121
CFA4,16.9847933,16.3742867,16.200808199999997,16.039471399999996,16.582300186157227,16.17169952392578,16.011899948120117,15.96090030670166,230.65452269,-5.96506611
CFA4,16.9524116,15.9497484,15.4929559,15.105030900000001,16.460500717163086,15.5600004196167,15.173199653625488,15.016300201416016,230.65353626,-5.837377
CFA4,16.5085839,16.3190561,16.371407599999998,16.435780700000002,16.271099090576172,16.30929946899414,16.391300201416016,16.44860076904297,230.65154935,-5.98047491
CFA4,16.302830600000004,15.675729400000002,15.457084900000002,15.272312800000002,15.962200164794922,15.498700141906738,15.31820011138916,15.256799697875977,230.63704514,-5.83700876
CFA4,16.5498636,15.931496399999999,15.731328899999998,15.558796799999998,16.127700805664062,15.710100173950195,15.542099952697754,15.49470043182373,230.6230875,-5.91856488
CFA4,17.0840759,16.2307641,15.911522599999998,15.569324699999997,16.614099502563477,15.952500343322754,15.634599685668945,15.502300262451172,230.61468318,-5.84920135
CFA4,16.561123300000002,16.037956700000002,15.863451700000002,15.699045800000002,16.28030014038086,15.899399757385254,15.746999740600586,15.701000213623047,230.60722624,-5.83306364
CFA4,17.052723,16.450077,16.251962499999998,16.076353500000003,16.64900016784668,16.231300354003906,16.058900833129883,16.030799865722656,230.59655583,-5.89531997
CFA4,15.075966900000001,14.4584731,14.253173100000001,14.0745106,14.697099685668945,14.261099815368652,14.087900161743164,14.052800178527832,230.59206732,-5.88345668
CFA4,17.260074499999998,16.618125499999998,16.3984545,16.2044699,16.881999969482422,16.385000228881836,16.21190071105957,16.158199310302734,121.6804523,1.03189141
CFA4,15.8679626,15.2757974,15.077682900000001,14.900026100000002,15.497599601745605,15.065199851989746,14.91569995880127,14.870499610900879,121.68045216,0.9743263
CFA4,16.982843499999998,16.279756499999998,16.042634999999997,15.865076999999998,16.613800048828125,16.077899932861328,15.88700008392334,15.844599723815918,121.67591246,1.09567818
CFA4,16.717734500000002,16.2504655,16.123179500000003,16.0016578,16.41659927368164,16.103500366210938,16.009899139404297,16.010499954223633,121.67393252,1.07507689
CFA4,15.8680056,15.0225544,14.725895900000001,14.4686245,15.49489974975586,14.821800231933594,14.580900192260742,14.500399589538574,121.67349115,1.06295891
CFA4,16.1767904,15.3802496,15.059981600000002,14.792531,15.723400115966797,15.065600395202637,14.808799743652344,14.68649959564209,121.67251501,1.00077875
CFA4,15.7063256,15.2102344,15.063444899999999,14.929685799999998,15.406100273132324,15.056599617004395,14.932900428771973,14.919300079345703,121.66757463,1.0339792
CFA4,15.192482,14.790718,14.7014125,14.637133,14.927200317382812,14.683300018310547,14.637999534606934,14.653499603271484,121.65830556,0.97575176
CFA4,15.6491018,15.2525782,15.1571137,15.083634700000001,15.37559986114502,15.136899948120117,15.082300186157227,15.089300155639648,121.65626824,0.98578411
CFA4,17.669459,16.996941,16.767005,16.5904527,17.292600631713867,16.793899536132812,16.62310028076172,16.555400848388672,121.65407429,1.12566779
CFA4,13.4371348,13.0493452,12.9631192,12.8947363,-999.0,-999.0,-999.0,-999.0,121.65309411,0.99783125
CFA4,14.278317,13.832882999999999,13.719968,13.6301508,13.991900444030762,13.708499908447266,13.642499923706055,13.641599655151367,121.65192244,1.02918951
CFA4,15.5494863,15.1223937,15.0187172,14.9319483,15.268099784851074,15.006099700927734,14.9350004196167,14.930299758911133,121.64692632,1.00159719
CFA4,17.333852099999998,16.580107899999998,16.3121914,16.112185599999997,16.844600677490234,16.283899307250977,16.088199615478516,16.054800033569336,121.64584876,1.09331702
CFA4,17.3039827,16.7965373,16.6733573,16.5815183,16.991899490356445,16.683500289916992,16.590599060058594,16.574399948120117,121.64404141,0.9637487
CFA4,17.183364200000003,15.8505558,15.2130993,14.4549801,16.46649932861328,15.24370002746582,14.495400428771973,14.160400390625,121.64288928,1.00791669
CFA4,15.9435092,15.1784108,14.8992028,14.6490545,15.48390007019043,14.8927001953125,14.659899711608887,14.556500434875488,121.64045457,1.01352567
CFA4,17.4843801,16.8703799,16.6804774,16.5294212,17.09779930114746,16.666200637817383,16.502300262451172,16.448999404907227,121.628238,0.96606147
CFA4,16.2438607,15.4394593,15.1561453,14.8967923,15.797200202941895,15.194600105285645,14.951800346374512,14.842399597167969,121.62701253,1.12580049
CFA4,14.5425609,14.082279100000001,13.954993100000001,13.8570211,14.25469970703125,13.957599639892578,13.843999862670898,13.869099617004395,121.62624165,1.01387437
CFA4,17.242964,16.439436,16.1325125,15.886530000000002,16.758100509643555,16.121299743652344,15.87440013885498,15.776800155639648,121.62456257,0.97881063
CFA4,16.9704002,16.4411198,16.266614799999996,16.1165435,16.645700454711914,16.252599716186523,16.133499145507812,16.102100372314453,121.62434822,1.10148139
CFA4,17.7396641,16.6714959,16.1551664,15.695719200000001,17.161699295043945,16.156600952148438,15.694100379943848,15.485199928283691,121.62242351,0.95451139
CFA4,15.6841807,15.2291393,15.1141713,15.0192398,15.399800300598145,15.103099822998047,15.029000282287598,15.034700393676758,121.62024116,1.08321314
CFA4,14.111692900000001,13.6863471,13.574458600000002,13.483614900000001,13.846699714660645,13.576600074768066,13.50100040435791,13.500300407409668,121.60749369,1.07265507
CFA4,13.960086,13.453514,13.3169895,13.2169931,13.624500274658203,13.300200462341309,-999.0,13.210599899291992,121.6062881,0.98822637
CFA4,17.5914145,16.7747855,16.469915,16.2454292,17.088899612426758,16.443599700927734,16.220600128173828,16.140100479125977,121.5904818,1.00526377
CFA4,15.923025699999998,15.1622943,14.8779538,14.687204699999999,15.460100173950195,14.876700401306152,14.698100090026855,14.629300117492676,121.58922904,1.04058257
CFA4,16.770292599999998,16.2654674,16.1248369,16.003349,16.437299728393555,16.101499557495117,16.01099967956543,15.991900444030762,121.58866291,1.06439425
CFA4,17.128780399999997,16.594259599999997,16.439258099999996,16.302448099999996,16.772600173950195,16.420700073242188,16.29560089111328,16.276899337768555,121.58766342,1.09757396
CFA4,15.852393000000001,15.162407,14.922206,14.6985803,15.445500373840332,14.92080020904541,14.722299575805664,14.64739990234375,121.58661428,1.10491869
CFA4,14.392008500000001,13.7325915,13.528318,13.3619397,13.965900421142578,13.491000175476074,-999.0,13.288000106811523,121.58394855,0.96336278
CFA4,16.0098722,15.3408478,15.1139913,14.908762,15.594300270080566,15.102299690246582,14.901200294494629,14.845000267028809,121.57920283,1.02735757
CFA4,13.5346197,12.931100299999999,12.744277299999998,12.6085718,-999.0,-999.0,-999.0,-999.0,121.57627729,1.09359705
CFA4,14.5331147,14.0606053,13.9312663,13.817941000000001,14.2608003616333,13.948399543762207,13.843600273132324,13.840700149536133,121.57520266,1.11357704
CFA4,16.5079741,16.0511859,15.9208204,15.816712800000001,16.187000274658203,15.884599685668945,15.785799980163574,15.770099639892578,121.56520309,1.01843791
CFA4,17.650591000000002,17.013009,16.801550000000002,16.6505484,17.228700637817383,16.78569984436035,16.641199111938477,16.595800399780273,121.55938148,1.05627561
CFA4,16.7219597,15.9437603,15.658393299999998,15.4389776,16.25189971923828,15.64739990234375,15.444499969482422,15.365099906921387,121.55806065,1.06900404
CFA4,15.394088799999999,14.464791199999999,14.120913699999997,13.839188299999998,14.867500305175781,14.13640022277832,13.86359977722168,13.73490047454834,121.55132356,1.09655623
CFA4,15.2830573,14.7424227,14.596659700000002,14.4803043,14.891400337219238,14.542400360107422,14.43910026550293,14.422800064086914,121.5482751,0.95566476
CFA4,14.4153213,13.9445587,13.8111137,13.7018944,14.113100051879883,13.851300239562988,13.714200019836426,13.701800346374512,121.54693656,1.07215139
CFA4,16.3611434,15.9226966,15.8179936,15.7261078,16.056800842285156,15.786100387573242,15.71500015258789,15.71780014038086,121.54596026,1.04833282
CFA4,17.8586742,17.1372458,16.837507799999997,16.6017461,17.380699157714844,16.780500411987305,16.543800354003906,16.448699951171875,121.54180698,0.99215506
CFA4,16.245461900000002,15.7589781,15.600897100000001,15.4784295,15.928899765014648,15.59570026397705,15.4753999710083,15.445500373840332,121.54061821,1.03713057
CFA4,17.5274662,17.0156538,16.854493299999998,16.7279379,17.170499801635742,16.796199798583984,16.670900344848633,16.653099060058594,121.54008428,1.00497166
CFA4,16.3348679,15.6911721,15.487925099999998,15.3328071,15.901599884033203,15.437100410461426,15.281999588012695,15.240500450134277,121.53515444,0.96728909
CFA4,15.576626899999999,15.1338131,15.0157656,14.9228897,15.285099983215332,15.007200241088867,14.922499656677246,14.919899940490723,121.53300479,1.06923573
CFA4,17.6048808,16.8851992,16.663475199999997,16.476663099999996,17.140300750732422,16.614700317382812,16.43829917907715,16.36370086669922,121.5298038,1.01579238
CFA4,17.7012725,17.1117275,16.9023215,16.7472191,17.337200164794922,16.88759994506836,16.734699249267578,16.70560073852539,162.9379168,65.77282096
CFA4,14.087236599999999,13.3029234,13.0185829,12.777662699999999,13.631400108337402,-999.0,-999.0,-999.0,162.92084782,65.77960261
CFA4,16.969898,16.148902,15.8522435,15.6072589,16.49570083618164,15.867400169372559,15.633299827575684,15.543800354003906,162.91236996,65.70028524
CFA4,17.683405899999997,16.917434099999998,16.645411599999996,16.3850061,17.253000259399414,16.646499633789062,16.402299880981445,16.30430030822754,162.90470478,65.70983133
CFA4,13.333566600000001,12.6365934,12.4025514,12.2219139,-999.0,-999.0,-999.0,-999.0,162.87339725,65.77369886
CFA4,15.6411692,15.0507508,14.8670073,14.7046726,15.28030014038086,14.862500190734863,14.717700004577637,14.689599990844727,162.85692029,65.80234156
CFA4,16.975806200000005,16.289313800000002,16.0552718,15.850060700000002,16.556400299072266,16.041500091552734,15.851099967956543,15.788700103759766,162.83267268,65.72527225
CFA4,16.5220056,15.6765544,15.346021400000001,15.1123855,16.04759979248047,15.348600387573242,15.127900123596191,15.04889965057373,162.81375142,65.7445017
CFA4,14.4626025,13.9603975,13.819766999999999,13.7044225,14.139599800109863,13.864800453186035,13.706899642944336,13.70460033416748,162.79840604,65.75093948
CFA4,16.021936800000002,15.5817432,15.4308477,15.284812200000001,15.75570011138916,15.429900169372559,15.300700187683105,15.262999534606934,162.77570401,65.83074418
CFA4,17.574151999999998,17.085048,16.9197815,16.7358981,17.266000747680664,16.906400680541992,16.74570083618164,16.7012996673584,162.75025231,65.74887553
CFA4,16.479388699999998,15.8147313,15.5930073,15.3928845,16.083900451660156,15.591699600219727,15.412400245666504,15.364700317382812,162.73001828,65.82509178
CFA4,17.981661199999998,16.727458799999997,16.1290093,15.361576199999998,17.30389976501465,16.12310028076172,15.371000289916992,15.033499717712402,162.72109518,65.6918252
CFA4,17.841285300000003,16.566994700000002,15.945962200000002,15.213398900000003,17.14859962463379,15.956899642944336,15.276300430297852,14.907600402832031,162.68608913,65.75722736
CFA4,18.267900899999997,17.632939099999998,17.3896586,17.1988055,17.909500122070312,17.409500122070312,17.2273006439209,17.172500610351562,162.64752143,65.8590752
CFA4,18.199285399999997,17.533754599999998,17.294580099999997,17.0945015,17.77549934387207,17.28619956970215,17.09819984436035,17.03890037536621,162.61420313,65.82955859
CFA4,16.4405279,15.9715121,15.8452526,15.7349912,16.122800827026367,15.81089973449707,15.702099800109863,15.690799713134766,162.58298075,65.76369517
CFA4,17.4488664,16.4077736,15.889391099999997,15.4217579,16.8971004486084,15.883700370788574,15.463800430297852,15.27280044555664,204.26725262,5.0844929
CFA4,17.8209325,17.4060675,17.32908,17.242243499999997,17.52680015563965,17.319499969482422,17.242300033569336,17.24679946899414,204.24625158,5.19341382
CFA4,18.015928100000004,17.0176319,16.529017900000003,16.0346879,17.477500915527344,16.49959945678711,16.04159927368164,15.819999694824219,204.2183932,5.07528867
CFA4,16.712413100000003,16.1071469,15.9357214,15.778475,16.334800720214844,15.937800407409668,15.797699928283691,15.762800216674805,204.19723016,5.21237886
CFA4,16.689832000000003,15.851368,15.49004,15.1766179,16.20359992980957,15.46780014038086,15.185700416564941,15.057700157165527,204.19708694,5.13737748
CFA4,18.462111800000002,17.8035682,17.5366782,17.3264308,18.018400192260742,17.531600952148438,17.32550048828125,17.246599197387695,204.17238681,5.20374822
CFA4,15.045612499999999,14.2813875,13.994994,13.7397444,14.575300216674805,13.972999572753906,13.737600326538086,13.633199691772461,204.15238379,5.1074665
CFA4,14.1052438,13.4816362,13.2722302,13.0956259,13.72070026397705,-999.0,-999.0,13.072400093078613,204.15175129,5.19331918
CFA4,16.5206484,15.9511916,15.7499976,15.551870599999999,16.164199829101562,15.728799819946289,15.532400131225586,15.462599754333496,204.15131175,5.10146677
CFA4,17.4787086,16.5546514,16.1419984,15.742698700000002,16.950599670410156,16.148099899291992,15.76990032196045,15.580499649047852,204.13510287,5.21864718
CFA4,17.095797600000004,16.459962400000002,16.2310529,16.014565900000004,16.704200744628906,16.212799072265625,16.026500701904297,15.943900108337402,204.12119658,5.1496307
CFA4,17.3268191,16.5643409,16.2071189,15.922355600000001,16.892900466918945,16.19729995727539,15.920900344848633,15.79539966583252,230.04429892,4.84795614
CFA4,17.0902022,16.5085178,16.3411983,16.140937700000002,16.723100662231445,16.340299606323242,16.1924991607666,16.14900016784668,230.03405861,4.97034001
CFA4,16.6780903,16.1461897,16.000426700000002,15.915812200000001,16.34749984741211,16.002300262451172,15.875200271606445,15.834500312805176,230.02943895,4.98978824
CFA4,17.6620214,16.9266186,16.6320131,16.317398100000002,17.203500747680664,16.638999938964844,16.42169952392578,16.32740020751953,230.02874631,4.97409284
CFA4,15.9935465,15.2118535,14.935725,14.6487085,15.526000022888184,14.939299583435059,14.701899528503418,14.60990047454834,230.01986158,4.96083915
CFA4,17.2610845,16.3571155,16.00092,15.622979199999998,16.74880027770996,15.976200103759766,15.685600280761719,15.557499885559082,230.01298151,4.85981747
CFA4,15.824744500000001,15.0954555,14.836777499999998,14.6131986,15.39169979095459,14.828399658203125,14.636699676513672,14.56820011138916,230.01290733,4.87483966
CFA4,16.731872199999998,16.0628478,15.8462563,15.6338337,16.330299377441406,15.844300270080566,15.654999732971191,15.58080005645752,230.00729476,4.95619073
CFA4,17.642265300000002,16.8920147,16.6107537,16.2899615,17.148099899291992,16.59630012512207,16.37529945373535,16.278799057006836,230.00662674,4.90816346
CFA4,16.3787789,15.446861100000001,15.045499600000001,14.628765000000001,15.8371000289917,15.0556001663208,14.694299697875977,14.513799667358398,230.00448869,4.98199981
CFA4,16.0547531,15.2748069,15.0058639,14.757737399999998,15.584199905395508,14.993900299072266,14.798999786376953,14.716699600219727,230.00422842,4.89163702
CFA4,17.3264619,16.839978100000003,16.709612600000003,16.533832000000004,17.02199935913086,16.670400619506836,16.553199768066406,16.510700225830078,230.00383212,4.82191711
CFA4,13.3096283,12.6554517,12.442966199999999,12.2274615,-999.0,-999.0,-999.0,-999.0,230.00364145,4.96796141
CFA4,16.935777500000004,16.215222500000003,15.944226500000005,15.706344200000004,16.518999099731445,15.965499877929688,15.748100280761719,15.659299850463867,229.9942996,4.98880807
CFA4,16.555705800000002,16.0543742,15.898346200000002,15.7461803,16.2283992767334,15.876399993896484,15.735699653625488,15.678799629211426,229.98472562,4.85566093
CFA4,16.7586943,16.1219857,15.9043677,15.6980911,16.393800735473633,15.920000076293945,15.734000205993652,15.652799606323242,229.98187673,4.84121351
CFA4,15.6194834,15.0063566,14.803109599999999,14.6510633,15.230199813842773,14.794699668884277,14.648900032043457,14.602499961853027,229.97832798,4.88086219
CFA4,17.768222299999998,17.2712577,17.0988057,16.9374663,17.409799575805664,17.056499481201172,16.912799835205078,16.87150001525879,229.97504267,4.86013798
CFA4,16.1505178,15.3347622,15.0093617,14.7132549,15.651800155639648,14.983099937438965,14.725000381469727,14.6141996383667,229.96464414,4.84027774
CFA4,15.3219425,14.6450575,14.428466,14.226282399999999,14.917099952697754,14.441200256347656,14.276599884033203,14.219200134277344,229.95855639,4.96971068
CFA4,18.014218,17.542582,17.483045,17.3408737,17.692800521850586,17.429000854492188,17.315799713134766,17.30109977722168,229.95822514,4.87142033
CFA4,16.4889339,15.8627061,15.6861481,15.5248191,16.082199096679688,15.645600318908691,15.48960018157959,15.436599731445312,229.94981919,4.84881441
CFA4,16.0954834,15.4823566,15.2801361,15.0983941,15.688300132751465,15.248600006103516,15.083399772644043,15.029000282287598,229.94600841,4.84662061
CFA4,17.4264662,16.9146538,16.740148799999996,16.5870058,17.08449935913086,16.721500396728516,16.582300186157227,16.536300659179688,229.92618946,4.92564603
CFA4,16.479764600000003,15.8351954,15.6278424,15.4409939,16.04949951171875,15.60830020904541,15.456999778747559,15.415599822998047,229.9218515,4.89147733
CFA4,17.4090659,16.8177741,16.6350571,16.5249387,16.991500854492188,16.619800567626953,16.476699829101562,16.44540023803711,229.91591115,4.86082734
CFA4,18.675144699999997,17.416575299999998,16.8129933,16.0537644,17.99839973449707,16.847900390625,16.099899291992188,15.75879955291748,195.37312983,53.80979679
CFA4,18.8520616,18.2860984,18.001757899999998,17.8796101,18.542200088500977,18.013999938964844,17.80270004272461,17.725400924682617,195.346052,53.7754836
CFA4,18.608035700000002,17.5852843,17.116173800000002,16.713945400000004,18.228700637817383,17.249099731445312,16.85759925842285,16.670700073242188,195.33740604,53.73541997
CFA4,18.4791276,17.9306324,17.7581804,17.5845542,18.20359992980957,17.783300399780273,17.633399963378906,17.614999771118164,195.31730555,53.87940235
CFA4,16.639797599999998,16.0039624,15.767867399999998,15.603617499999999,16.24370002746582,15.770299911499023,15.599800109863281,15.541999816894531,195.27716367,53.81846058
CFA4,15.2901032,14.6822168,14.4522808,14.2306769,14.963000297546387,14.471099853515625,14.258700370788574,14.184100151062012,195.27372876,53.85505674
CFA4,19.271262399999998,18.3349776,17.9541461,17.6028891,18.69809913635254,17.902700424194336,17.586999893188477,17.388200759887695,195.27121787,53.75263997
CFA4,15.451470500000001,14.914329500000001,14.758301500000002,14.618422400000002,15.093700408935547,14.722100257873535,14.598600387573242,14.576800346374512,195.26859357,53.72632749
CFA4,19.8043915,18.7170085,18.2961435,17.923486,19.127399444580078,18.352399826049805,17.98040008544922,17.700899124145508,195.26456956,53.77519465
CFA4,15.853999899999998,15.245240099999998,15.057390599999998,14.916568199999999,15.45930004119873,15.026100158691406,14.889100074768066,14.844799995422363,195.25455097,53.74896694
CFA4,18.4823686,17.7329914,17.597493399999998,17.368482999999998,18.038299560546875,17.518600463867188,17.363800048828125,17.322200775146484,195.23354732,53.75397173
CFA4,19.976491900000003,18.7039481,18.165035600000003,17.239771100000002,19.35689926147461,18.180999755859375,17.26740074157715,16.85379981994629,195.22253548,53.81796143
CFA4,17.674064400000002,16.6853756,16.2737491,15.971717300000002,17.087600708007812,16.257999420166016,15.947699546813965,15.818599700927734,195.20520132,53.79124652
CFA4,13.769614,13.402786,13.309374500000002,13.250224900000001,13.880900382995605,13.310700416564941,13.250399589538574,13.282500267028809,195.19661269,53.85200556
CFA4,19.0979483,18.7931317,18.735647699999998,18.5381806,18.87220001220703,18.630199432373047,18.519500732421875,18.492599487304688,195.19203536,53.80265018
CFA4,16.742974099999998,16.2861859,16.1660854,16.0302109,16.5132999420166,16.17460060119629,16.048599243164062,16.012100219726562,195.18616944,53.76886568
CFA4,15.276809100000001,14.7763509,14.636746900000002,14.5254954,14.934900283813477,14.59939956665039,14.490900039672852,14.472000122070312,195.1827916,53.76615217
