survey,KAIT4-B,KAIT4-V,KAIT4-R,KAIT4-I,PS1-g,PS1-r,PS1-i,PS1-z,RA,DEC
KAIT4,15.095536,14.269392,13.6992235,13.151441,14.582500457763672,13.863100051879883,13.613699913024902,13.526200294494629,182.04883618,65.20134351
KAIT4,15.978179,15.292246,14.815395,14.312349,15.53439998626709,14.963000297546387,14.744500160217285,14.639300346374512,182.04696055,65.16362366
KAIT4,16.675386,16.03852,15.594174,15.137499,16.57939910888672,15.964300155639648,15.623600006103516,15.413800239562988,182.05284964,65.17133478
KAIT4,14.372144,13.958181,13.660489,13.281318,14.06089973449707,13.770400047302246,13.675999641418457,13.613900184631348,85.51950818,18.52127602
KAIT4,15.095086,14.483644,14.056107,13.560084,14.689900398254395,14.169099807739258,13.962499618530273,13.870200157165527,85.46379734,18.5208303
KAIT4,15.007581,14.475953,14.101052,13.6657915,14.639100074768066,14.226200103759766,14.066900253295898,13.996899604797363,85.49188146,18.47180309
KAIT4,16.060305,15.077995,14.403139,13.673506,15.482199668884277,14.576399803161621,14.137299537658691,13.910900115966797,85.43646507,18.5051138
KAIT4,15.788357,15.120603,14.655804,14.134505,15.35509967803955,14.804699897766113,14.556400299072266,14.445500373840332,85.4805157,18.4771788
KAIT4,15.73089,15.196544,14.819854,14.370564,15.358099937438965,14.956399917602539,14.773099899291992,14.691499710083008,85.47793823,18.51201936
KAIT4,16.267954,15.457307,14.897485,14.336143,15.768899917602539,15.059300422668457,14.777099609375,14.643500328063965,85.45905098,18.47581677
KAIT4,16.443727,15.533625,14.907272,14.211871,15.898099899291992,15.087400436401367,14.672200202941895,14.444499969482422,85.43915169,18.52216029
KAIT4,16.222187,15.589864,15.148522,14.632067,15.810099601745605,15.291299819946289,15.048399925231934,14.9399995803833,85.50957791,18.49344677
KAIT4,16.186749,15.6360855,15.2486515,14.817742,15.805399894714355,15.389599800109863,15.218899726867676,15.14780044555664,85.46778096,18.4771388
KAIT4,15.880945,15.555494,15.315576,15.023695,15.614399909973145,15.44320011138916,15.397899627685547,15.377400398254395,85.51841975,18.50883106
KAIT4,16.55812,15.88673,15.419523,14.873281,16.12310028076172,15.561599731445312,15.2923002243042,15.1673002243042,85.46029692,18.52062439
KAIT4,16.766735,16.034414,15.52676,14.939131,16.30459976196289,15.68340015411377,15.374199867248535,15.224200248718262,85.48945242,18.46810511
KAIT4,17.830395,16.811483,16.111973,15.355839,17.23940086364746,16.30069923400879,15.832900047302246,15.571700096130371,85.44098524,18.53436782
KAIT4,17.342247,16.641766,16.155264,15.5899105,16.901399612426758,16.302099227905273,16.01569938659668,15.878299713134766,85.51769921,18.49799023
KAIT4,17.443169,16.701744,16.188042,15.630247,16.98189926147461,16.353900909423828,16.062999725341797,15.925600051879883,85.43721549,18.51037295
KAIT4,17.72689,16.828661,16.210268,15.569042,17.20840072631836,16.3843994140625,16.031200408935547,15.858200073242188,85.47313735,18.46729326
KAIT4,17.456799,16.788136,16.322731,15.783614,17.02429962158203,16.482200622558594,16.20789909362793,16.086999893188477,85.49182677,18.5206644
KAIT4,17.688263,16.924078,16.395227,15.800118,17.21619987487793,16.552099227905273,16.24570083618164,16.09149932861328,85.4815532,18.52487884
KAIT4,14.578669,13.846798,13.335355,12.750223,13.857000350952148,13.105600357055664,-999.0,13.11340045928955,210.80691285,54.26199032
KAIT4,15.909346,14.865331,14.048985,13.28226,14.918399810791016,14.239299774169922,13.781999588012695,13.575200080871582,210.84318422,54.26006183
KAIT4,15.630628,15.034615,14.617271,14.148141,15.235199928283691,14.759900093078613,14.560700416564941,14.498000144958496,50.7112309,1.40720232
KAIT4,16.893816,16.38665,16.02784,15.593607,16.541400909423828,16.16230010986328,16.003000259399414,15.962499618530273,50.70843159,1.33712167
KAIT4,17.952988,17.302496,16.84913,16.36177,17.537399291992188,16.997699737548828,16.785400390625,16.70509910583496,50.72790753,1.39943943
KAIT4,15.57164,15.069003,14.713168,14.326637,15.220100402832031,14.854499816894531,14.727499961853027,14.685400009155273,295.92001242,56.13355443
KAIT4,16.246824,15.491744,14.968955,14.433733,15.774399757385254,15.132699966430664,14.86769962310791,14.7701997756958,295.88809341,56.08879538
KAIT4,16.6494,15.837842,15.277411,14.703177,16.200700759887695,15.423199653625488,15.150699615478516,15.024700164794922,295.90861301,56.10528345
KAIT4,16.559738,15.874713,15.398466,14.919158,16.122600555419922,15.55109977722168,15.352100372314453,15.27280044555664,295.91045576,56.07687969
KAIT4,16.758074,16.275358,15.932608,15.502367,16.403400421142578,16.061500549316406,15.896300315856934,15.85260009765625,295.89305159,56.1115834
KAIT4,18.858097,17.710867,16.92459,16.128044,18.22879981994629,17.132699966430664,16.64310073852539,16.438499450683594,38.0282859,1.26061164
KAIT4,18.713524,17.799768,17.170967,16.51866,18.166400909423828,17.327699661254883,16.990699768066406,16.847000122070312,37.98031817,1.28938743
KAIT4,18.597647,17.987112,17.560173,17.115498,18.22920036315918,17.732999801635742,17.55069923400879,17.504199981689453,37.9597577,1.23074529
KAIT4,14.28262,13.82796,13.503616,13.108238,13.95460033416748,13.629500389099121,13.51099967956543,13.511199951171875,148.84363655,69.63319135
KAIT4,17.093258,16.245224,15.66043,15.091194,16.523500442504883,15.799699783325195,15.585599899291992,15.418700218200684,148.94200945,69.70053267
KAIT4,17.798342,16.590498,15.763057,14.631605,17.10260009765625,15.964500427246094,15.14430046081543,14.765399932861328,330.42421172,-21.54037237
KAIT4,17.501932,16.946737,16.556316,16.131937,17.1294002532959,16.700899124145508,16.545299530029297,16.513700485229492,330.38081233,-21.53753133
KAIT4,16.22564,15.743829,15.401673,15.007002,15.888699531555176,15.53969955444336,15.41469955444336,15.385100364685059,20.20372087,4.7874524
KAIT4,17.263056,16.519812,16.004896,15.485411,16.800199508666992,16.15920066833496,15.927300453186035,15.84119987487793,20.19588365,4.79107369
KAIT4,15.5223055,14.94353,14.537561,14.088575,15.130900382995605,14.683899879455566,14.504199981689453,14.447099685668945,241.36866236,17.57161405
KAIT4,16.144375,15.382011,14.854374,14.309695,15.679300308227539,15.014300346374512,14.754599571228027,14.655500411987305,241.41335081,17.60788682
KAIT4,16.985966,16.257282,15.752048,15.235702,16.523099899291992,15.914799690246582,15.679100036621094,15.581600189208984,17.74060878,15.47912814
KAIT4,17.639015,16.716125,16.081198,15.379863,17.09469985961914,16.26300048828125,15.856900215148926,15.65250015258789,17.67667064,15.44426688
KAIT4,18.065863,17.343552,16.84255,16.28629,17.608400344848633,16.988000869750977,16.701900482177734,16.573299407958984,17.69252527,15.44986166
KAIT4,18.712036,17.530834,16.721502,15.931249,18.036399841308594,16.926599502563477,16.445999145507812,16.219999313354492,185.59234524,65.8626819
KAIT4,18.83779,17.651073,16.837996,15.968447,18.175600051879883,17.05769920349121,16.486000061035156,16.224899291992188,169.88184373,54.46503243
KAIT4,16.373495,15.111404,14.24702,13.175577,15.656100273132324,14.450900077819824,13.698599815368652,13.361300468444824,359.19345111,5.53119314
KAIT4,16.692057,15.948812,15.433896,14.909481,16.23110008239746,15.587400436401367,15.355199813842773,15.25510025024414,359.18365076,5.47759139
KAIT4,17.790155,16.999557,16.45311,15.904205,17.300600051879883,16.619300842285156,16.358200073242188,16.244199752807617,359.21820067,5.53297267
KAIT4,17.728586,17.08718,16.639828,16.169964,17.299999237060547,16.80299949645996,16.608999252319336,16.52050018310547,359.19812555,5.54367726
KAIT4,14.926312,14.376555,13.9897175,13.579589,14.551400184631348,14.124099731445312,13.991299629211426,13.947199821472168,317.96395749,-0.21898293
KAIT4,16.527992,15.966449,15.571846,15.146946,16.161800384521484,15.727999687194824,15.562399864196777,15.512100219726562,317.9981836,-0.254575
KAIT4,17.514091,16.989716,16.619583,16.187878,17.138500213623047,16.72920036315918,16.563800811767578,16.504499435424805,317.99766977,-0.22371484
KAIT4,18.03628,17.420298,16.989763,16.529854,17.636699676513672,17.143199920654297,16.951900482177734,16.890100479125977,318.02702372,-0.21383404
KAIT4,17.667902,16.61969,15.900414,15.154835,17.059799194335938,16.091299057006836,15.64050006866455,15.415599822998047,44.61021236,6.63282296
KAIT4,17.118477,16.497955,16.064419,15.553854,16.708099365234375,16.215499877929688,15.985899925231934,15.89900016784668,44.54786147,6.60659701
KAIT4,18.932165,17.742695,16.927744,16.117144,18.253599166870117,17.122499465942383,16.617300033569336,16.37150001525879,44.58070919,6.63293745
KAIT4,17.604706,16.823217,16.28284,15.768188,17.12150001525879,16.447399139404297,16.214399337768555,16.131500244140625,280.02247346,40.08519063
KAIT4,17.744595,17.080475,16.618084,16.122715,17.307600021362305,16.77079963684082,16.562599182128906,16.490999221801758,280.07848515,40.12048878
KAIT4,17.881649,17.202988,16.73096,16.254137,17.450300216674805,16.891000747680664,16.689800262451172,16.627399444580078,279.99295233,40.09146141
KAIT4,17.785313,17.235558,16.848717,16.411968,17.405099868774414,16.9960994720459,16.82390022277832,16.790000915527344,280.07508277,40.12059239
KAIT4,17.932451,17.399012,17.022919,16.573706,17.566099166870117,17.173999786376953,16.98699951171875,16.915599822998047,280.05990503,40.0838743
KAIT4,16.37138,15.865121,15.506905,15.087537,16.012100219726562,15.647700309753418,15.492899894714355,15.454000473022461,50.4766391,-15.35343674
KAIT4,16.26969,15.829502,15.514643,15.083,15.950699806213379,15.6048002243042,15.478500366210938,15.457799911499023,50.52346241,-15.37639668
KAIT4,17.50166,16.978184,16.60865,16.231249,17.12849998474121,16.769699096679688,16.64620018005371,16.62019920349121,50.54007717,-15.37056582
KAIT4,15.054428,14.583479,14.248452,13.874401,14.705100059509277,14.379899978637695,14.267800331115723,14.262200355529785,186.81624394,9.45746111
KAIT4,17.375717,16.293602,15.551423,14.76774,16.740800857543945,15.741399765014648,15.260000228881836,15.043899536132812,186.8231025,9.46478943
KAIT4,16.828283,16.382673,16.064259,15.701185,16.50819969177246,16.204999923706055,16.096799850463867,16.090999603271484,186.76547219,9.46036913
KAIT4,17.147186,16.693432,16.36968,15.999028,16.825300216674805,16.508100509643555,16.405000686645508,16.40049934387207,186.80614611,9.38270238
KAIT4,14.888986,14.398122,14.05002,13.680238,14.433199882507324,14.157400131225586,14.078900337219238,14.034099578857422,290.69286303,43.92382576
KAIT4,15.606495,15.052206,14.662383,14.254841,15.232099533081055,14.793499946594238,14.661399841308594,14.633899688720703,290.64714565,43.91937205
KAIT4,15.639254,15.095844,14.713186,14.3144245,15.272100448608398,14.847800254821777,14.712699890136719,14.670999526977539,290.70387995,43.89441797
KAIT4,16.536205,16.034475,15.679234,15.301651,16.187000274658203,15.816100120544434,15.693099975585938,15.682299613952637,290.68715777,43.89001559
KAIT4,16.777073,16.238195,15.8585205,15.450271,16.39579963684082,15.991999626159668,15.82859992980957,15.809300422668457,290.66994071,43.88635532
KAIT4,17.238955,16.428307,15.868485,15.305171,16.737699508666992,16.023399353027344,15.753100395202637,15.635000228881836,290.68086713,43.92034692
KAIT4,15.300918,14.63407,14.169873,13.644706,14.874500274658203,14.30739974975586,14.054100036621094,13.95930004119873,247.44284992,40.77945815
KAIT4,16.070429,15.557828,15.195442,14.780483,15.730500221252441,15.33549976348877,15.184700012207031,15.161700248718262,247.44534319,40.84269504
KAIT4,16.482386,15.845521,15.4011755,14.912946,16.071800231933594,15.550999641418457,15.333900451660156,15.271400451660156,247.46740918,40.79392877
KAIT4,16.264019,15.814788,15.494001,15.113864,15.940699577331543,15.623000144958496,15.506099700927734,15.503299713134766,247.46441611,40.80541018
KAIT4,16.548508,16.008724,15.628454,15.224074,16.186100006103516,15.76930046081543,15.6274995803833,15.606900215148926,247.41469948,40.78043065
KAIT4,16.546736,16.031418,15.667245,15.246144,16.190500259399414,15.801199913024902,15.647700309753418,15.6318998336792,247.46495584,40.80317128
KAIT4,17.859993,17.38995,17.055517,16.672667,17.541500091552734,17.20009994506836,17.06559944152832,17.075300216674805,247.47675935,40.79492613
KAIT4,18.243797,17.575134,17.109734,16.622871,17.822099685668945,17.269800186157227,17.057899475097656,16.98040008544922,247.43529911,40.77446677
KAIT4,14.673453,14.140013,13.763921,13.352174,14.292400360107422,14.00570011138916,13.741800308227539,13.702500343322754,170.33416879,34.35709063
KAIT4,17.463726,16.421925,15.706976,15.011191,16.85890007019043,15.895899772644043,15.50629997253418,15.334199905395508,170.38743638,34.3747484
KAIT4,16.909136,16.305862,15.883723,15.443583,16.514299392700195,16.03969955444336,15.871299743652344,15.832500457763672,170.37871135,34.36785981
KAIT4,16.246742,15.66706,15.260495,14.80256,15.843899726867676,15.391500473022461,15.205400466918945,15.140800476074219,263.12435592,7.04103483
KAIT4,16.615154,15.951943,15.490153,14.944574,16.18950080871582,15.636899948120117,15.364100456237793,15.248100280761719,263.13896037,7.04799102
KAIT4,16.486185,15.934616,15.546583,15.108699,16.084999084472656,15.675600051879883,15.512499809265137,15.45419979095459,263.12396534,7.04561342
KAIT4,16.701258,16.099802,15.678861,15.202386,16.297399520874023,15.822999954223633,15.629500389099121,15.562000274658203,263.12366727,7.10208776
KAIT4,16.838703,15.704315,14.92675,14.124279,16.18280029296875,15.110099792480469,14.612700462341309,14.322699546813965,325.8368013,43.54958422
KAIT4,16.385374,15.623012,15.095374,14.520129,15.907500267028809,15.250300407409668,14.95479965209961,14.823699951171875,325.87107587,43.56958399
KAIT4,16.90837,15.917828,15.237429,14.490395,16.302499771118164,15.384599685668945,14.919899940490723,14.675700187683105,325.87964751,43.58752441
KAIT4,16.712826,15.91676,15.366668,14.76014,16.211000442504883,15.522199630737305,15.199399948120117,15.05049991607666,325.83025116,43.54412717
KAIT4,16.904974,16.223585,15.749748,15.212559,16.4552001953125,15.897600173950195,15.644700050354004,15.50790023803711,325.86557037,43.56163161
KAIT4,17.30941,16.579815,16.073977,15.498397,16.852500915527344,16.2273006439209,15.9350004196167,15.809900283813477,325.85391473,43.54373877
KAIT4,16.977768,16.36905,15.943314,15.44554,16.59510040283203,16.099599838256836,15.879300117492676,15.798500061035156,55.56597496,39.24436924
KAIT4,18.318272,17.570477,17.052534,16.46761,17.851699829101562,17.216100692749023,16.909000396728516,16.779600143432617,55.62636802,39.25836571
KAIT4,18.231562,17.559263,17.091452,16.576689,17.78219985961914,17.255199432373047,17.02359962463379,16.919200897216797,55.61737421,39.23745482
KAIT4,14.950254,14.406844,14.024186,13.634298,14.578900337219238,14.171500205993652,14.04699993133545,14.00879955291748,171.23075099,-9.78913328
KAIT4,15.838737,15.106413,14.59876,14.102829,15.37909984588623,14.75529956817627,14.539400100708008,14.453200340270996,171.28428367,-9.82314189
KAIT4,16.550684,16.062532,15.716215,15.328911,16.20439910888672,15.861000061035156,15.72920036315918,15.712800025939941,171.23108421,-9.76853449
KAIT4,17.094854,16.60218,16.252888,15.879013,16.735599517822266,16.38759994506836,16.268999099731445,16.25979995727539,171.22199909,-9.79062898
KAIT4,17.373,16.825964,16.440918,16.045803,17.000900268554688,16.587099075317383,16.454700469970703,16.424699783325195,171.27741083,-9.75346046
KAIT4,17.53137,16.975267,16.584248,16.160782,17.17099952697754,16.72450065612793,16.582300186157227,16.529600143432617,171.27316416,-9.84321402
KAIT4,17.785437,17.072222,16.577267,16.101603,17.26810073852539,16.645200729370117,16.473100662231445,16.43600082397461,171.26213166,-9.82007499
KAIT4,15.278206,14.776474,14.421234,14.024918,14.931099891662598,14.559300422668457,14.429900169372559,14.400899887084961,36.38366143,41.85001381
KAIT4,16.602476,15.936539,15.472944,14.985317,16.174999237060547,15.628999710083008,15.406800270080566,15.337200164794922,36.379804,41.80955718
KAIT4,16.777819,16.235315,15.853252,15.434845,16.408599853515625,16.00320053100586,15.844900131225586,15.812999725341797,36.38164775,41.86429613
KAIT4,17.34337,16.787268,16.396248,15.979685,16.979900360107422,16.535600662231445,16.396900177001953,16.372299194335938,36.39074406,41.82739767
KAIT4,15.310922,14.853546,14.527423,14.1584425,14.985199928283691,14.657999992370605,14.55109977722168,14.525699615478516,128.61725616,-2.50006023
KAIT4,15.912736,15.180413,14.67276,14.181758,15.45580005645752,14.821700096130371,14.604000091552734,14.490699768066406,128.63427413,-2.56614969
KAIT4,15.961865,15.383999,14.97863,14.554367,15.569600105285645,15.123499870300293,14.958100318908691,14.90999984741211,128.60314376,-2.55390642
KAIT4,16.134378,15.648945,15.304412,14.928178,15.800399780273438,15.442399978637695,15.330599784851074,15.310999870300293,128.62680381,-2.50221727
KAIT4,16.22851,15.744887,15.401543,15.011652,15.887900352478027,15.540900230407715,15.418299674987793,15.38860034942627,128.61361362,-2.57556961
KAIT4,16.047817,15.276347,14.742645,14.176534,15.56779956817627,14.89169979095459,14.60260009765625,14.489299774169922,52.44813812,0.06883437
KAIT4,17.274866,16.552551,16.05155,15.508107,16.827499389648438,16.21489906311035,15.949000358581543,15.833999633789062,52.4815938,0.09556307
KAIT4,17.086819,16.486269,16.065928,15.595446,16.705299377441406,16.216400146484375,16.016799926757812,15.946499824523926,52.48654192,0.05291195
KAIT4,17.532585,16.891178,16.443829,15.93058,17.126300811767578,16.58650016784668,16.360200881958008,16.26490020751953,52.4596183,0.02788056
KAIT4,17.67012,17.081367,16.668814,16.199291,17.303199768066406,16.829999923706055,16.626300811767578,16.5492000579834,52.46506485,0.09943299
KAIT4,15.671509,15.187887,14.844542,14.4516945,15.33590030670166,14.981399536132812,14.85200023651123,14.8326997756958,39.52313633,-1.35239072
KAIT4,17.989645,16.719275,15.849245,14.439969,17.234899520874023,16.055599212646484,14.958499908447266,14.46679973602295,39.56361758,-1.31337933
KAIT4,17.337582,16.805954,16.431053,16.007624,16.97170066833496,16.57159996032715,16.422000885009766,16.379899978637695,27.87439101,19.13869581
KAIT4,18.128506,17.439842,16.961184,16.41059,17.690099716186523,17.129499435424805,16.857200622558594,16.72480010986328,27.92275037,19.14131483
KAIT4,18.42093,17.865736,17.475315,17.034176,18.05419921875,17.623899459838867,17.464399337768555,17.401199340820312,27.87411201,19.12100213
KAIT4,18.864084,18.252642,17.825108,17.323168,18.472000122070312,17.96739959716797,17.75659942626953,17.681699752807617,27.90786061,19.06347183
KAIT4,15.776499,15.032344,14.516824,13.959797,15.315299987792969,14.675999641418457,14.394000053405762,14.268099784851074,38.1342197,35.52067657
KAIT4,16.626865,16.06351,15.667711,15.207168,16.250099182128906,15.810400009155273,15.614999771118164,15.553000450134277,38.1319481,35.5008861
KAIT4,16.7773,16.404903,16.134375,15.804036,16.491199493408203,16.263999938964844,16.17840003967285,16.201400756835938,38.13737918,35.52166069
KAIT4,17.594053,16.793432,16.2403,15.67285,17.105300903320312,16.400800704956055,16.118200302124023,16.00279998779297,38.137816,35.44411654
KAIT4,18.21039,17.550816,17.091434,16.632915,17.77869987487793,17.26740074157715,17.07699966430664,17.00200080871582,162.83548193,8.56445395
KAIT4,18.260185,17.708614,17.320583,16.876783,17.877599716186523,17.4601993560791,17.303699493408203,17.2726993560791,162.86841484,8.60931527
KAIT4,17.130926,16.70069,16.392344,16.019705,16.819900512695312,16.532899856567383,16.41069984436035,16.398399353027344,20.06980329,3.45148363
KAIT4,18.991377,18.505947,18.161413,17.78419,18.662799835205078,18.32029914855957,18.214799880981445,18.126699447631836,20.05964141,3.43214587
KAIT4,16.942528,16.417244,16.046518,15.637415,16.57509994506836,16.196500778198242,16.048599243164062,16.013399124145508,55.53392159,-4.73031608
KAIT4,18.405365,17.091734,16.192162,15.055734,17.66010093688965,16.405399322509766,15.58430004119873,15.208200454711914,55.5875437,-4.71041622
KAIT4,17.837265,17.081278,16.557884,16.017658,17.38159942626953,16.724899291992188,16.457000732421875,16.35540008544922,55.57788409,-4.68825566
KAIT4,15.6094675,15.132183,14.792998,14.391801,15.272100448608398,14.92590045928955,14.793999671936035,14.767800331115723,7.45812806,31.41760556
KAIT4,16.56399,15.987937,15.583766,15.156693,16.177400588989258,15.724699974060059,15.56779956817627,15.517600059509277,7.48124086,31.39946456
KAIT4,16.541487,16.085018,15.759487,15.394526,16.20639991760254,15.890999794006348,15.790900230407715,15.782899856567383,7.48651328,31.39318585
KAIT4,17.337154,16.579344,16.054737,15.539016,16.87150001525879,16.212600708007812,15.979700088500977,15.878399848937988,7.47606394,31.36011943
KAIT4,17.571806,17.014795,16.62318,16.178934,17.2052001953125,16.769100189208984,16.592899322509766,16.531999588012695,7.46325177,31.40397212
KAIT4,17.611742,17.04657,16.649576,16.212547,17.237899780273438,16.791200637817383,16.629199981689453,16.587299346923828,7.43236992,31.37952269
KAIT4,15.159465,14.661356,14.308496,13.9036045,14.808099746704102,14.443400382995605,14.306500434875488,14.271100044250488,177.69721433,-28.7143324
KAIT4,15.4585085,14.918724,14.538454,14.101536,15.104700088500977,14.674799919128418,14.512700080871582,14.45300006866455,177.78212214,-28.72870281
KAIT4,16.389841,15.774768,15.344832,14.88401,15.985199928283691,15.484800338745117,15.306599617004395,15.258299827575684,177.74011758,-28.77643772
KAIT4,16.791405,16.061815,15.555977,15.005048,16.327899932861328,15.703200340270996,15.45359992980957,15.338700294494629,177.7345191,-28.74771439
KAIT4,16.818811,16.332474,15.987347,15.58047,16.48430061340332,16.12339973449707,15.991999626159668,15.976200103759766,177.71829109,-28.79040924
KAIT4,16.305712,15.775894,15.402185,14.960171,15.937299728393555,15.539999961853027,15.367400169372559,15.311699867248535,36.40272697,24.73480074
KAIT4,17.89607,16.758932,15.979503,15.176822,17.247900009155273,16.166799545288086,15.681099891662598,15.460800170898438,36.41682539,24.74787691
KAIT4,17.759237,16.858267,16.238037,15.6330805,17.220699310302734,16.42169952392578,16.092500686645508,15.945699691772461,36.45652571,24.74021434
KAIT4,17.804615,16.996704,16.43871,15.87561,17.309900283813477,16.60300064086914,16.32830047607422,16.207700729370117,36.39249356,24.72731805
KAIT4,17.856873,17.439293,17.139236,16.793287,17.544200897216797,17.279600143432617,17.187700271606445,17.17569923400879,36.46140788,24.72985166
KAIT4,17.314074,16.831358,16.488607,16.117527,16.977800369262695,16.638200759887695,16.519100189208984,16.507200241088867,38.53988788,1.37146253
KAIT4,17.642767,17.034048,16.608313,16.15195,17.253400802612305,16.76219940185547,16.575599670410156,16.52050018310547,38.5076928,1.39608435
KAIT4,18.184914,17.563488,17.129353,16.689703,17.814899444580078,17.297199249267578,17.112199783325195,17.057600021362305,38.50830919,1.37808613
KAIT4,18.953451,18.347458,17.92352,17.440756,18.58769989013672,18.085899353027344,17.8700008392334,17.796499252319336,38.48128995,1.36662832
KAIT4,15.821117,15.261388,14.867981,14.445202,15.445300102233887,15.01729965209961,14.857600212097168,14.82129955291748,237.75569841,25.68639819
KAIT4,16.546265,15.907583,15.462036,14.987463,16.128799438476562,15.612700462341309,15.407500267028809,15.346799850463867,237.7992176,25.69669296
KAIT4,17.75919,16.655989,15.899549,15.131996,17.09480094909668,16.062599182128906,15.607000350952148,15.40999984741211,195.74460089,50.65731867
KAIT4,18.376753,17.355097,16.653736,15.942743,17.78820037841797,16.84469985961914,16.437000274658203,16.24970054626465,195.8160269,50.59777387
KAIT4,18.437902,17.731962,17.241835,16.709568,18.0039005279541,17.413400650024414,17.14620018005371,17.050500869750977,195.76592659,50.61860429
KAIT4,16.190508,15.555458,15.112314,14.616343,15.786800384521484,15.26039981842041,15.043800354003906,14.978599548339844,83.17722367,-14.08385135
KAIT4,17.499376,17.013947,16.669413,16.25078,17.092100143432617,16.777299880981445,16.643199920654297,16.612600326538086,83.2216609,-14.07813485
KAIT4,15.347991,14.720206,14.281868,13.782544,14.934200286865234,14.42770004272461,14.193699836730957,14.107199668884277,101.03213128,12.41231711
KAIT4,16.33342,15.417838,14.787812,14.099869,15.78030014038086,14.954299926757812,14.55210018157959,14.351099967956543,101.00894635,12.42432321
KAIT4,17.027266,16.388584,15.943036,15.431981,16.609800338745117,16.088300704956055,15.848799705505371,15.756500244140625,101.02859684,12.38567325
KAIT4,17.322508,16.512772,15.95356,15.343975,16.82040023803711,16.112699508666992,15.7878999710083,15.633899688720703,100.99638768,12.42003383
KAIT4,17.350712,16.593813,16.06981,15.486129,16.882200241088867,16.229900360107422,15.928999900817871,15.791799545288086,101.01883068,12.39654888
KAIT4,14.796785,14.2751255,13.906784,13.50488,14.424099922180176,14.032899856567383,13.901399612426758,13.88640022277832,266.28229223,18.11175968
KAIT4,16.316366,15.372458,14.723418,14.066784,15.764200210571289,14.907899856567383,14.520999908447266,14.352999687194824,266.30554257,18.17544857
KAIT4,16.381392,15.721814,15.262433,14.799973,15.954999923706055,15.413999557495117,15.224100112915039,15.157299995422363,266.31633142,18.12371709
KAIT4,16.415312,15.8220215,15.406474,14.966163,16.028499603271484,15.553600311279297,15.384099960327148,15.340299606323242,266.30382277,18.18111607
KAIT4,16.930422,16.209017,15.708621,15.162293,16.47719955444336,15.879799842834473,15.608499526977539,15.485400199890137,266.3185243,18.10228176
KAIT4,17.018978,16.298485,15.798693,15.311599,16.570499420166016,15.952500343322754,15.74530029296875,15.673199653625488,266.28425399,18.17246007
KAIT4,14.318332,13.893519,13.588727,13.274713,14.002400398254395,13.719400405883789,13.659899711608887,13.683899879455566,130.20998858,73.49996289
KAIT4,15.534116,15.045063,14.698151,14.30091,15.190899848937988,14.840800285339355,14.705400466918945,14.673600196838379,130.20562486,73.44244627
KAIT4,16.883736,16.368418,16.004246,15.609767,16.534000396728516,16.153200149536133,16.021099090576172,15.995599746704102,130.15826714,73.47123219
KAIT4,15.0471325,14.3448305,13.8571205,13.330077,14.597999572753906,14.010600090026855,13.759499549865723,13.663299560546875,75.11639418,62.25689298
KAIT4,15.833486,15.048353,14.5055485,13.892005,15.339500427246094,14.660200119018555,14.331299781799316,14.212599754333496,75.15923903,62.27582833
KAIT4,16.02089,15.122661,14.504268,13.902483,15.473799705505371,14.678799629211426,14.337200164794922,14.204700469970703,75.18230875,62.23282386
KAIT4,16.619848,15.60002,14.899896,14.132843,16.021699905395508,15.083200454711914,14.616100311279297,14.38539981842041,75.24316864,62.23746035
KAIT4,17.858435,17.263887,16.839844,16.381935,17.48550033569336,17.00149917602539,16.821300506591797,16.77519989013672,178.94249489,55.28879481
KAIT4,18.259653,17.812061,17.486069,17.082813,17.991300582885742,17.64579963684082,17.541000366210938,17.54360008239746,178.95271093,55.33552678
KAIT4,14.532985,14.042121,13.69402,13.299587,14.195500373840332,13.828700065612793,13.699000358581543,13.672800064086914,268.86770468,62.6031573
KAIT4,16.136848,15.406346,14.899904,14.365665,15.68220043182373,15.05780029296875,14.800999641418457,14.703800201416016,268.95224094,62.59295796
KAIT4,15.957629,15.361614,14.94427,14.491902,15.569299697875977,15.098400115966797,14.904999732971191,14.84689998626709,268.86754266,62.57828965
KAIT4,17.254297,16.57018,16.094538,15.594595,16.819400787353516,16.25480079650879,16.03820037841797,15.962300300598145,268.92342035,62.5779071
KAIT4,17.654509,16.844772,16.28556,15.719359,17.177099227905273,16.461599349975586,16.178499221801758,16.050199508666992,268.99211394,62.61156469
KAIT4,18.45399,17.584063,16.984623,16.380135,17.931400299072266,17.15730094909668,16.853599548339844,16.774200439453125,268.97776014,62.57341619
KAIT4,18.883015,18.178896,17.689976,17.183495,18.44879913330078,17.833599090576172,17.642099380493164,17.525800704956055,268.97838884,62.56800415
KAIT4,15.513932,14.941802,14.5429945,14.080113,15.132599830627441,14.706000328063965,14.508700370788574,14.452500343322754,330.57546875,-18.88112849
KAIT4,16.65759,15.669812,14.943494,14.306714,16.100099563598633,15.15429973602295,14.767600059509277,14.602899551391602,330.56137888,-18.89528583
KAIT4,16.729622,15.665835,14.936045,14.20307,16.070499420166016,15.111800193786621,14.680100440979004,14.482600212097168,185.47003557,4.5071029
KAIT4,18.718908,17.620296,16.866957,16.079052,18.109600067138672,17.012800216674805,16.513099670410156,16.322900772094727,185.52532346,4.47809009
KAIT4,14.286212,13.893039,13.608939,13.23249,13.984800338745117,13.695799827575684,13.729100227355957,13.581700325012207,124.48556552,23.49215847
KAIT4,17.29398,16.466925,15.89615,15.303924,16.793399810791016,16.06329917907715,15.762399673461914,15.631799697875977,124.49541779,23.48347137
KAIT4,17.57281,16.725689,16.141504,15.579245,17.06719970703125,16.29960060119629,16.03890037536621,15.93340015411377,124.44815716,23.4279308
KAIT4,15.628309,14.997801,14.55766,14.105442,15.221199989318848,14.69219970703125,14.518600463867188,14.467399597167969,318.46159979,13.56975262
KAIT4,16.256392,15.596814,15.137433,14.660182,15.829099655151367,15.28030014038086,15.082599639892578,15.01609992980957,318.46814191,13.60945408
KAIT4,16.162992,15.6512985,15.28951,14.867723,15.80739974975586,15.418000221252441,15.266799926757812,15.235699653625488,318.42197934,13.57307
KAIT4,16.903135,16.299862,15.877725,15.422792,16.49839973449707,16.018800735473633,15.825200080871582,15.75059986114502,318.46686458,13.59788647
KAIT4,14.905714,14.212505,13.730829,13.244946,14.468600273132324,13.883600234985352,13.666500091552734,13.549699783325195,127.86270941,-1.20055081
KAIT4,15.337868,14.685559,14.230993,13.768134,14.886799812316895,14.323800086975098,14.137900352478027,14.07800006866455,127.87176127,-1.19865645
KAIT4,15.644252,15.136181,14.776773,14.389794,15.289400100708008,14.921899795532227,14.794099807739258,14.775199890136719,127.85904013,-1.19037568
KAIT4,15.731658,15.208184,14.838649,14.450402,15.375,14.98449993133545,14.856599807739258,14.834099769592285,127.87040009,-1.23150464
KAIT4,15.892225,15.459274,15.149154,14.801924,15.577099800109863,15.280500411987305,15.201000213623047,15.195099830627441,127.9005704,-1.24547001
KAIT4,16.201368,15.616245,15.206088,14.804895,15.817099571228027,15.357099533081055,15.224200248718262,15.199700355529785,127.86646694,-1.21540935
KAIT4,16.793993,16.32395,15.989518,15.632305,16.457500457763672,16.133899688720703,16.037799835205078,16.027599334716797,127.88983047,-1.24149189
KAIT4,17.575161,16.776363,16.224447,15.679821,17.091699600219727,16.391000747680664,16.13409996032715,16.020200729370117,127.88801472,-1.16631567
KAIT4,14.6599,14.160885,13.80743,13.410352,14.309000015258789,13.948699951171875,13.804800033569336,13.786800384521484,129.08168976,28.04362325
KAIT4,16.157808,15.571775,15.161018,14.715382,15.761199951171875,15.30620002746582,15.127099990844727,15.080599784851074,129.01790688,28.10499533
KAIT4,16.277555,15.71692,15.322912,14.897102,15.885600090026855,15.458999633789062,15.3016996383667,15.275400161743164,129.0454288,28.03443872
KAIT4,17.993763,17.568048,17.262665,16.882513,17.672800064086914,17.39859962463379,17.27739906311035,17.256900787353516,129.01102296,28.0572705
KAIT4,18.733936,17.939693,17.390814,16.828804,18.23710060119629,17.547199249267578,17.277799606323242,17.19300079345703,129.07382345,28.05237724
KAIT4,15.763112,15.052625,14.559479,14.038679,15.310600280761719,14.711000442504883,14.473699569702148,14.371899604797363,235.08054243,11.36871343
KAIT4,16.180885,15.505859,15.036242,14.583377,15.749199867248535,15.194499969482422,15.013899803161621,14.943099975585938,235.06477828,11.39175974
KAIT4,17.076998,16.48643,16.07268,15.6247015,16.692899703979492,16.212799072265625,16.047199249267578,15.984399795532227,235.02788713,11.34059592
KAIT4,17.894615,17.086704,16.52871,15.999133,17.39929962158203,16.692899703979492,16.45039939880371,16.350799560546875,235.07106344,11.3771801
KAIT4,16.183271,15.654365,15.281253,14.853117,15.788599967956543,15.394000053405762,15.24530029296875,15.194199562072754,334.59245774,40.57273829
KAIT4,16.739386,15.884968,15.295905,14.71729,16.222000122070312,15.45740032196045,15.171199798583984,15.058699607849121,334.59887642,40.59240195
KAIT4,17.243164,16.313877,15.674656,15.035927,16.69260025024414,15.855999946594238,15.503399848937988,15.345800399780273,334.57689076,40.6065375
KAIT4,16.757595,16.138891,15.706557,15.244453,16.352100372314453,15.850500106811523,15.655500411987305,15.592300415039062,334.55790324,40.57550739
KAIT4,17.012556,16.45192,16.057915,15.601537,16.6382999420166,16.193099975585938,16.01059913635254,15.947799682617188,334.57760652,40.58672867
KAIT4,17.213585,16.572178,16.124828,15.627357,16.80069923400879,16.272199630737305,16.059999465942383,15.970000267028809,334.55796146,40.53421518
KAIT4,16.352112,15.726143,15.289004,14.824339,15.94909954071045,15.439499855041504,15.258999824523926,15.202099800109863,45.62614413,-24.47620828
KAIT4,17.18412,16.828884,16.569553,16.241638,16.899700164794922,16.69610023498535,16.63170051574707,16.633800506591797,45.61747937,-24.4456865
KAIT4,18.385626,17.997871,17.717316,17.354137,18.11199951171875,17.847999572753906,17.747800827026367,17.765600204467773,45.64260949,-24.46974978
KAIT4,16.097242,15.524816,15.123035,14.665695,15.71560001373291,15.269499778747559,15.0802001953125,15.006799697875977,353.68036907,18.24799049
KAIT4,16.981308,16.431555,16.044718,15.6089525,16.58060073852539,16.14550018310547,16.019800186157227,15.955900192260742,353.71924978,18.22282877
KAIT4,17.774857,17.09165,16.616606,16.120684,17.344999313354492,16.766700744628906,16.54840087890625,16.456300735473633,353.69994651,18.18339323
KAIT4,17.7074,17.180304,16.808384,16.393217,17.343399047851562,16.945899963378906,16.798099517822266,16.753799438476562,353.72037867,18.18598657
KAIT4,14.458186,14.004431,13.68068,13.344538,14.125399589538574,13.812600135803223,13.729000091552734,13.718899726867676,121.37716472,-11.40197857
KAIT4,14.55923,14.2563305,14.03109,13.759849,14.297300338745117,14.133000373840332,14.130599975585938,14.161499977111816,121.43028756,-11.46043371
KAIT4,14.698814,14.358923,14.109597,13.77706,14.429100036621094,14.214699745178223,14.14169979095459,14.145000457763672,121.41918869,-11.46205271
KAIT4,14.971815,14.631924,14.382597,14.108234,14.687600135803223,14.504500389099121,14.480899810791016,14.504300117492676,121.37586772,-11.41367664
KAIT4,15.128524,14.692861,14.380962,14.044352,14.799500465393066,14.515600204467773,14.430700302124023,14.43220043182373,121.3852806,-11.44122106
KAIT4,15.440401,14.913303,14.541384,14.123259,15.081700325012207,14.677800178527832,14.525799751281738,14.474599838256836,121.423842,-11.4421308
KAIT4,15.623274,15.094363,14.721252,14.307906,15.266400337219238,14.856300354003906,14.717399597167969,14.672100067138672,121.4277579,-11.45112807
KAIT4,15.506507,15.110621,14.82475,14.48357,15.159000396728516,14.905099868774414,14.838500022888184,14.833399772644043,121.42007031,-11.43251607
KAIT4,15.707692,15.240363,14.907712,14.540863,15.36340045928955,15.046699523925781,14.93809986114502,14.925999641418457,121.42572311,-11.40353071
KAIT4,15.706205,15.2253,14.8837385,14.491115,15.365500450134277,15.015600204467773,14.890899658203125,14.879400253295898,247.20609417,39.54443483
KAIT4,16.951384,16.35174,15.931996,15.477363,16.558900833129883,16.07819938659668,15.895600318908691,15.835000038146973,247.21902685,39.57247064
KAIT4,18.128536,17.159945,16.494316,15.841671,17.662399291992188,16.68079948425293,16.32029914855957,16.173099517822266,247.20322538,39.5713291
KAIT4,17.154873,16.56249,16.147543,15.681667,16.76259994506836,16.2814998626709,16.099199295043945,16.036800384521484,332.66506288,-20.78062241
KAIT4,17.043863,16.572008,16.236387,15.86522,16.712499618530273,16.381500244140625,16.255699157714844,16.25029945373535,332.63303964,-20.80270808
KAIT4,17.378738,16.813572,16.416576,15.977575,16.995100021362305,16.557199478149414,16.395700454711914,16.36039924621582,332.68609911,-20.81695458
KAIT4,18.386927,17.358858,16.653177,15.962395,17.795700073242188,16.844200134277344,16.45199966430664,16.290700912475586,332.63274663,-20.78858493
KAIT4,14.733678,14.160345,13.757968,13.344921,14.35509967803955,13.90779972076416,13.762700080871582,13.702899932861328,339.55401925,35.5304446
KAIT4,16.282545,15.3870535,14.770496,14.112725,15.745699882507324,14.932000160217285,14.56879997253418,14.38290023803711,339.56737866,35.53828845
KAIT4,15.837311,15.287556,14.900718,14.469885,15.459400177001953,15.042699813842773,14.878199577331543,14.832599639892578,339.61748368,35.48264068
KAIT4,15.965763,15.429605,15.05172,14.6298895,15.600099563598633,15.194499969482422,15.039899826049805,14.993000030517578,339.58850049,35.45870652
KAIT4,16.223967,15.697774,15.32645,14.911357,15.866700172424316,15.47249984741211,15.321700096130371,15.280799865722656,339.54463418,35.46395369
KAIT4,16.662003,15.988795,15.520383,15.056818,16.228500366210938,15.679900169372559,15.48639965057373,15.408699989318848,339.58299033,35.50178703
KAIT4,16.649786,16.003836,15.553481,15.064514,16.236400604248047,15.707099914550781,15.492600440979004,15.409299850463867,339.55783253,35.47053572
KAIT4,16.584618,16.00312,15.59536,15.166856,16.20330047607422,15.736499786376953,15.583499908447266,15.5447998046875,339.52861558,35.50866928
KAIT4,16.787308,16.134092,15.678923,15.187395,16.374799728393555,15.835200309753418,15.611499786376953,15.52299976348877,339.5675647,35.43969126
KAIT4,16.727802,16.156284,15.755104,15.324458,16.34239959716797,15.903300285339355,15.735799789428711,15.689299583435059,339.54760906,35.51012823
KAIT4,16.713018,16.180483,15.804986,15.37951,16.34510040283203,15.943400382995605,15.788299560546875,15.743800163269043,339.55039344,35.48880174
KAIT4,17.104671,16.479612,16.043074,15.588342,16.70009994506836,16.19219970703125,16.0137996673584,15.951000213623047,339.59806433,35.48757023
KAIT4,16.929825,16.464308,16.132841,15.750368,16.6072998046875,16.268800735473633,16.152799606323242,16.117700576782227,339.52036845,35.54085727
KAIT4,17.050583,16.518955,16.144054,15.721609,16.690000534057617,16.269699096679688,16.13789939880371,16.070499420166016,339.55387816,35.48722612
KAIT4,17.087687,16.57871,16.218708,15.830668,16.748600006103516,16.368600845336914,16.231399536132812,16.205699920654297,339.50897234,35.51217813
KAIT4,17.325428,16.748468,16.343697,15.873167,16.946800231933594,16.4778995513916,16.297000885009766,16.22369956970215,339.56827406,35.51800213
KAIT4,17.752127,16.910479,16.329952,15.746434,17.238300323486328,16.5,16.201200485229492,16.07080078125,339.56530256,35.48016178
KAIT4,17.467873,16.87549,16.460543,16.00157,17.079999923706055,16.617599487304688,16.420299530029297,16.345300674438477,339.56140369,35.45141848
KAIT4,17.77541,17.045815,16.539976,16.002851,17.31920051574707,16.698999404907227,16.443700790405273,16.323299407958984,339.59518958,35.45697428
KAIT4,17.592554,17.017408,16.613834,16.170073,17.224300384521484,16.760400772094727,16.587099075317383,16.5408992767334,339.49826078,35.51385051
KAIT4,17.575243,17.017326,16.625114,16.183748,17.19770050048828,16.766799926757812,16.604900360107422,16.54290008544922,339.59457175,35.44535345
KAIT4,17.821827,17.184052,16.739107,16.253761,17.414899826049805,16.89550018310547,16.682199478149414,16.590099334716797,339.58127369,35.45460236
KAIT4,17.920595,17.256475,16.794085,16.30759,17.508899688720703,16.9507999420166,16.739700317382812,16.646099090576172,339.57399399,35.48922718
KAIT4,14.84943,14.336829,13.974443,13.582161,14.490099906921387,14.11460018157959,13.983499526977539,13.95199966430664,334.37669585,35.53133229
KAIT4,16.0496,15.258091,14.711035,14.154171,15.562199592590332,14.868800163269043,14.595100402832031,14.479000091552734,334.30918933,35.54271785
KAIT4,16.024208,15.346457,14.8750305,14.379546,15.58329963684082,15.019000053405762,14.789199829101562,14.708100318908691,334.30685121,35.57496105
KAIT4,15.785252,15.27718,14.917772,14.518962,15.422300338745117,15.039600372314453,14.91510009765625,14.893500328063965,334.35129874,35.57575021
KAIT4,16.007454,15.474013,15.097919,14.690117,15.637700080871582,15.240900039672852,15.095499992370605,15.055299758911133,334.33294848,35.62430935
KAIT4,16.131247,15.544306,15.132952,14.697101,15.738100051879883,15.281299591064453,15.105799674987793,15.056900024414062,334.33591048,35.62921464
KAIT4,17.056551,16.429674,15.991936,15.503532,16.652000427246094,16.141799926757812,15.93019962310791,15.848299980163574,334.35836266,35.54039075
KAIT4,17.235651,16.517885,16.019907,15.517257,16.779699325561523,16.17919921875,15.952300071716309,15.866299629211426,334.31934501,35.55324127
KAIT4,17.928791,16.955627,16.286924,15.6427965,17.356199264526367,16.465099334716797,16.12350082397461,15.981800079345703,334.36678044,35.53587076
KAIT4,17.869272,17.072294,16.521591,15.981056,17.379899978637695,16.68600082397461,16.435400009155273,16.327899932861328,334.32866648,35.53841892
KAIT4,15.837035,15.172008,14.709014,14.227376,15.408599853515625,14.859199523925781,14.657500267028809,14.597900390625,58.57253458,-19.20398083
KAIT4,17.04774,16.46806,16.061493,15.616377,16.670299530029297,16.2096004486084,16.04450035095215,15.988300323486328,58.5944494,-19.15680187
KAIT4,17.19718,16.616592,16.209427,15.772123,16.813800811767578,16.362699508666992,16.185300827026367,16.125499725341797,58.6219692,-19.14842837
KAIT4,14.829818,14.287314,13.905253,13.518399,14.446700096130371,14.030200004577637,13.90530014038086,13.871999740600586,227.29524533,-11.35246835
KAIT4,15.983763,15.447604,15.069719,14.669582,15.608599662780762,15.209500312805176,15.071999549865723,15.026200294494629,227.31422414,-11.35641917
KAIT4,16.58851,15.852546,15.342472,14.839347,16.126699447631836,15.50100040435791,15.270600318908691,15.162300109863281,227.28713836,-11.3474326
KAIT4,16.731033,15.469863,14.606106,13.465713,16.0226993560791,14.81309986114502,13.985699653625488,13.619199752807617,21.35334726,-18.14364201
KAIT4,16.491804,15.792232,15.306333,14.761761,16.049800872802734,15.449600219726562,15.190699577331543,15.093799591064453,21.32464233,-18.19103963
KAIT4,16.736835,15.932567,15.377003,14.798418,16.256799697875977,15.546799659729004,15.254500389099121,15.138099670410156,21.33256368,-18.18513073
KAIT4,17.597189,17.002083,16.585339,16.108397,17.202499389648438,16.736499786376953,16.53569984436035,16.466800689697266,255.03888912,23.14257989
KAIT4,17.748566,17.202436,16.817986,16.39238,17.385000228881836,16.971500396728516,16.80500030517578,16.78179931640625,255.05326571,23.11564685
KAIT4,18.3739,17.66796,17.177835,16.651484,17.929100036621094,17.348400115966797,17.095300674438477,17.034500122070312,255.03364548,23.10623571
KAIT4,18.607792,18.175749,17.866219,17.464832,18.30900001525879,18.011999130249023,17.87619972229004,17.88330078125,255.04895452,23.12015144
KAIT4,15.5056505,14.787886,14.289907,13.767537,15.038900375366211,14.44950008392334,14.205100059509277,14.103099822998047,205.92042031,3.93436862
KAIT4,17.774122,17.26424,16.903643,16.500736,17.417200088500977,17.049699783325195,16.914499282836914,16.881500244140625,205.88092279,3.94484874
KAIT4,15.22458,14.692953,14.318053,13.911386,14.85219955444336,14.454999923706055,14.321599960327148,14.289600372314453,10.44545548,32.94019967
KAIT4,16.76418,16.030947,15.522689,15.021753,16.306800842285156,15.68690013885498,15.466899871826172,15.380999565124512,10.45750393,33.00011241
KAIT4,17.724398,17.197304,16.825386,16.410217,17.361099243164062,16.972400665283203,16.824899673461914,16.789600372314453,10.43220452,33.01202652
KAIT4,15.960686,15.058804,14.437963,13.743206,15.39840030670166,14.592300415039062,14.161800384521484,13.967499732971191,36.4366557,18.50803476
KAIT4,16.81331,15.691767,14.922906,14.099723,16.156200408935547,15.109999656677246,14.601699829101562,14.34000015258789,36.41546108,18.5053433
KAIT4,16.36794,16.354568,16.316235,16.277958,16.2455997467041,16.4197998046875,16.631000518798828,16.812999725341797,36.48656672,18.48128725
KAIT4,17.74967,17.04009,16.54755,16.045557,17.306299209594727,16.701499938964844,16.462400436401367,16.37579917907715,232.496091,13.03544114
KAIT4,18.084476,17.463955,17.030418,16.557323,17.683900833129883,17.18000030517578,16.982999801635742,16.896099090576172,232.51900854,13.01612029
KAIT4,18.314068,17.657219,17.199644,16.717682,17.885499954223633,17.353599548339844,17.152599334716797,17.06730079650879,232.53209418,13.02523501
