survey,CFA3S-B,CFA3S-V,CFA3S-R,CFA3S-I,PS1-g,PS1-r,PS1-i,PS1-z,RA,DEC,CFA3S-B_AV,CFA3S-V_AV,CFA3S-R_AV,CFA3S-I_AV,PS1-g_AV,PS1-r_AV,PS1-i_AV,PS1-z_AV,SOURCEID,GAIA_CFA3S-B,GAIA_CFA3S-V,GAIA_CFA3S-R,GAIA_CFA3S-I
CFA3S,18.0873,17.3784,16.8598,16.462,17.6406,17.1136,16.9117,16.843,105.054,59.5102,0.247753,0.193321,0.145623,0.10575,0.222991,0.15831,0.117311,0.0928079,-999,-999,-999,-999,-999
CFA3S,16.1763,15.6174,15.1748,14.982,15.6773,15.2437,15.0617,15.0005,105.017,59.4646,0.249753,0.194445,0.146623,0.10675,0.224805,0.15931,0.118311,0.0938079,1002510448527268480,15.9629,15.4605,15.1955,15.038
CFA3S,16.4183,15.8174,15.3808,15.016,16.0291,15.5796,15.4289,15.3789,104.899,59.4705,0.247135,0.192445,0.145623,0.10575,0.222805,0.15831,0.117311,0.0928079,-999,-999,-999,-999,-999
CFA3S,17.6693,16.8824,16.3008,15.87,17.1645,16.5473,16.3097,16.2163,104.842,59.5469,0.248135,0.193321,0.145623,0.10575,0.222991,0.15831,0.117311,0.0928079,-999,-999,-999,-999,-999
CFA3S,16.473,15.843,15.4032,15.0465,16.0777,15.6346,15.4774,15.4483,137.357,50.3266,0.0554744,0.0432375,0.0329161,0.023875,0.0501375,0.0355775,0.0266102,0.0209015,-999,-999,-999,-999,-999
CFA3S,16.5782,16.0646,15.6678,15.3239,16.2279,15.8745,15.7474,15.728,160.067,24.1822,0.0807115,0.0627325,0.0478742,0.034875,0.0723925,0.0514366,0.0384802,0.0305025,-999,-999,-999,-999,-999
CFA3S,18.8359,18.2136,17.7021,17.1509,18.4927,18.008,17.7928,17.6455,160.044,24.0678,0.0877115,0.06798,0.0518602,0.037,0.07902,0.0562958,0.0413503,0.032803,-999,-999,-999,-999,-999
CFA3S,16.705,15.981,15.4715,15.049,16.2539,15.7007,15.4922,15.4088,159.99,24.0515,0.0903301,0.06998,0.0528602,0.038875,0.08102,0.0574366,0.0424802,0.033803,-999,-999,-999,-999,-999
CFA3S,18.9146,18.4383,18.0222,17.7173,18.6108,18.2935,18.1392,18.05,159.953,24.0322,0.0817115,0.0637325,0.0478742,0.034875,0.0733925,0.0524366,0.0384802,0.0305025,-999,-999,-999,-999,-999
CFA3S,17.099,16.348,15.8012,15.3703,16.6322,16.0363,15.8158,15.7335,159.949,24.0552,0.0857115,0.0668563,0.0508602,0.036875,0.0772063,0.0544366,0.0404802,0.0325025,-999,-999,-999,-999,-999
CFA3S,16.7419,15.9463,15.4142,15.0103,16.249,15.644,15.4554,15.3905,159.948,24.076,0.0903301,0.0708562,0.0528602,0.038875,0.0812062,0.0574366,0.0424802,0.033803,723348431963901696,16.6761,15.9596,15.5935,15.4181
CFA3S,16.9439,16.4633,16.0922,15.7576,16.6267,16.3069,16.195,16.1744,159.93,24.1632,0.0883301,0.0688562,0.0518602,0.037875,0.0792063,0.0564366,0.0414802,0.032803,723353585924656512,16.8573,16.4701,16.2917,16.1979
CFA3S,18.9774,18.5065,18.1068,17.7669,18.6471,18.5324,18.11,18.1787,179.366,25.1839,0.0697115,0.054485,0.0408882,0.029875,0.062765,0.0445775,0.0326102,0.026202,-999,-999,-999,-999,-999
CFA3S,18.9265,18.346,17.8279,17.4338,18.5572,18.4165,18.1229,18.1673,179.251,25.1436,0.0664744,0.051485,0.0389022,0.028875,0.059765,0.0425775,0.0316102,0.025202,-999,-999,-999,-999,-999
CFA3S,15.6254,15.0699,14.6765,14.3453,15.2652,14.8873,14.7755,14.7647,167.787,55.2006,0.0408558,0.0318662,0.0239441,0.017875,0.0366962,0.0258592,0.0197401,0.015601,843781995003776640,15.5372,15.0733,14.86,14.7587
CFA3S,16.395,15.7192,15.2612,14.8849,15.9725,15.4911,15.3403,15.2867,167.729,55.2379,0.0418558,0.0328662,0.0249301,0.018,0.0376963,0.0267183,0.0197401,0.0159015,-999,-999,-999,-999,-999
CFA3S,15.3387,14.9029,14.5572,14.2553,15.0177,14.7393,14.6714,14.6839,167.724,55.1581,0.0418558,0.03199,0.0239441,0.017875,0.03751,0.0267183,0.0197401,0.015601,-999,-999,-999,-999,-999
CFA3S,18.1253,17.3825,16.8745,16.4895,17.6915,17.1344,16.9364,16.8746,167.685,55.2268,0.0454744,0.03499,0.0269301,0.019,0.04051,0.0287183,0.0216102,0.0169015,-999,-999,-999,-999,-999
CFA3S,16.301,15.6362,15.1802,14.8022,15.871,15.3913,15.2324,15.1883,167.641,55.1414,0.0444744,0.03499,0.0259301,0.019,0.04051,0.0287183,0.0207401,0.0169015,843780036498707968,16.2092,15.6366,15.3511,15.2072
CFA3S,18.0766,17.6365,17.3205,17.0395,17.7889,17.5242,17.4367,17.4262,167.569,55.1944,0.0494744,0.0381138,0.0289301,0.021,0.0443238,0.0317183,0.0236102,0.0189015,-999,-999,-999,-999,-999
CFA3S,17.5247,17.0489,16.731,16.5832,18.4076,17.9316,17.7741,17.6955,216.645,26.1957,0.0674744,0.052485,0.0398882,0.028875,0.060765,0.0434366,0.0316102,0.025202,-999,-999,-999,-999,-999
CFA3S,17.4346,16.7451,16.3066,15.9231,17.0745,16.5684,16.3644,16.3019,216.627,26.2258,0.0690929,0.054485,0.0408882,0.029875,0.062765,0.0444366,0.0326102,0.026202,-999,-999,-999,-999,-999
CFA3S,16.8473,16.3265,15.9406,15.6268,16.4933,16.1474,16.0309,16.0089,216.58,26.22,0.0660929,0.051485,0.0389022,0.028,0.059765,0.0425775,0.0314802,0.025202,-999,-999,-999,-999,-999
CFA3S,16.8637,16.3798,16.0063,15.6998,16.5434,16.2216,16.1138,16.1017,216.564,26.2887,0.0660929,0.051485,0.0389022,0.028,0.059765,0.0425775,0.0314802,0.025202,-999,-999,-999,-999,-999
CFA3S,16.3386,15.4771,14.8699,14.4371,15.8177,15.1172,14.8697,14.7775,216.557,26.2389,0.0660929,0.051485,0.0389022,0.028,0.059765,0.0425775,0.0314802,0.025202,-999,-999,-999,-999,-999
CFA3S,18.2637,17.8328,17.5363,17.2092,18.0125,17.7343,17.6282,17.5988,216.542,26.2768,0.0640929,0.0503613,0.0379022,0.027875,0.0579512,0.0405775,0.0306102,0.024202,-999,-999,-999,-999,-999
CFA3S,15.8443,15.3228,14.9383,14.6272,15.4948,15.141,15.0177,14.9945,216.507,26.178,0.0594744,0.0463612,0.0349161,0.025875,0.0539512,0.0377183,0.0286102,0.022202,-999,-999,-999,-999,-999
CFA3S,15.7946,15.2287,14.8245,14.486,15.4219,15.0481,14.8898,14.8676,248.746,76.0129,0.180042,0.13996,0.10572,0.076875,0.16204,0.114873,0.0848305,0.0676059,1703379807642116352,15.7,15.2289,15.0074,14.8831
CFA3S,18.0404,17.5391,17.1649,16.8607,17.723,17.4012,17.2641,17.2319,248.591,75.9432,0.169423,0.131713,0.0997344,0.071875,0.152413,0.107873,0.0798305,0.0633054,-999,-999,-999,-999,-999
CFA3S,18.3121,17.5802,16.989,16.5487,17.8595,17.2687,17.0007,16.8834,270.478,26.2764,0.340465,0.265301,0.199483,0.145625,0.306011,0.216746,0.160791,0.127611,-999,-999,-999,-999,-999
CFA3S,18.0964,17.5019,17.0077,16.6298,17.6824,17.2217,17.0388,16.9785,270.473,26.3317,0.312228,0.243682,0.183525,0.133625,0.280942,0.199887,0.147921,0.11701,-999,-999,-999,-999,-999
CFA3S,17.2327,16.4312,15.854,15.4354,16.7157,16.1055,15.8814,15.7943,270.47,26.2055,0.358083,0.278796,0.210455,0.152625,0.322266,0.228606,0.169531,0.134611,4582677985408778112,17.1231,16.4098,16.0377,15.8345
CFA3S,18.4211,17.5889,17.0774,16.6831,17.8512,17.3157,17.1363,17.0627,270.46,26.3279,0.327846,0.255178,0.192497,0.13975,0.295198,0.209746,0.154791,0.12331,-999,-999,-999,-999,-999
CFA3S,18.0794,17.5152,17.0757,16.6837,17.6714,17.2932,17.1227,17.0575,270.43,26.3349,0.317228,0.24693,0.186511,0.135625,0.28557,0.202887,0.149921,0.11901,-999,-999,-999,-999,-999
CFA3S,17.1307,16.3882,15.8603,15.4591,16.6763,16.1287,15.9249,15.8403,270.424,26.2926,0.340465,0.265425,0.200469,0.145625,0.306825,0.217746,0.160791,0.127611,4582682623973503488,17.0637,16.4104,16.0692,15.8833
CFA3S,18.7767,18.1972,17.7373,17.3907,18.3747,17.9464,17.79,17.7557,270.407,26.3172,0.338465,0.263425,0.199469,0.144625,0.304825,0.215746,0.159791,0.12731,-999,-999,-999,-999,-999
CFA3S,17.7716,17.1105,16.6231,16.2201,17.3375,16.886,16.6892,16.6238,270.407,26.2408,0.351083,0.273549,0.206455,0.149625,0.315639,0.223746,0.165661,0.131611,4582681249583955584,17.6595,17.1437,16.8737,16.7026
CFA3S,17.7431,17.2142,16.7863,16.4251,17.3927,17.0101,16.8483,16.8061,270.388,26.3414,0.321846,0.250054,0.189497,0.137625,0.289384,0.204887,0.151921,0.12101,-999,-999,-999,-999,-999
CFA3S,18.0808,17.6409,17.2207,16.8758,17.73,17.4274,17.2856,17.2506,270.384,26.2257,0.353083,0.274672,0.207455,0.150625,0.317453,0.225606,0.166661,0.132611,-999,-999,-999,-999,-999
CFA3S,17.2441,16.6236,16.1427,15.7345,16.8389,16.3612,16.1673,16.0993,270.381,26.1932,0.355702,0.276796,0.209441,0.151625,0.320266,0.226746,0.167661,0.133611,-999,-999,-999,-999,-999
CFA3S,17.7235,17.0906,16.6124,16.3248,17.2793,16.8338,16.6612,16.5913,270.379,26.2041,0.355702,0.276796,0.209441,0.151625,0.320266,0.226746,0.167661,0.133611,-999,-999,-999,-999,-999
CFA3S,16.8595,16.1186,15.5884,15.1841,16.3911,15.8387,15.6275,15.552,270.348,26.2836,0.348083,0.271549,0.204469,0.148625,0.313639,0.222606,0.164661,0.130611,-999,-999,-999,-999,-999
CFA3S,17.0361,16.4029,15.9344,15.5514,16.6551,16.21,16.0267,15.9575,270.327,26.3191,0.328846,0.256178,0.193497,0.140625,0.296198,0.209887,0.155791,0.12331,4582870365583056768,16.9758,16.4399,16.1562,15.9885
CFA3S,18.3441,17.6769,17.1807,16.7431,17.9079,17.4157,17.2223,17.1435,270.325,26.2962,0.339465,0.264425,0.199483,0.14475,0.305825,0.216746,0.160661,0.127611,-999,-999,-999,-999,-999
CFA3S,18.1338,17.3799,16.8351,16.3801,17.6785,17.0978,16.8228,16.7271,257.829,5.77519,0.546744,0.42588,0.321161,0.2335,0.49212,0.349338,0.258362,0.205517,-999,-999,-999,-999,-999
CFA3S,18.5588,17.9544,17.4486,17.0436,18.1997,17.73,17.4978,17.4128,257.826,5.75712,0.546744,0.42588,0.321161,0.2335,0.49212,0.349338,0.258362,0.205517,-999,-999,-999,-999,-999
CFA3S,18.3238,17.5709,17.0496,16.5866,17.8601,17.3055,17.0385,16.9416,257.803,5.79937,0.544744,0.424756,0.320161,0.2325,0.490306,0.348338,0.257362,0.204517,-999,-999,-999,-999,-999
CFA3S,17.6813,16.7549,16.1036,15.5636,17.125,16.379,16.0292,15.873,257.793,5.76965,0.540744,0.421756,0.318161,0.231375,0.487306,0.345479,0.255492,0.203217,-999,-999,-999,-999,-999
CFA3S,17.6313,16.8189,16.2241,15.7021,17.1414,16.4911,16.1722,16.0172,257.773,5.83937,0.557362,0.434127,0.328133,0.238375,0.501748,0.356338,0.263362,0.209517,-999,-999,-999,-999,-999
CFA3S,17.3093,16.3089,15.6041,15.0746,16.7392,15.8821,15.5265,15.3788,257.755,5.80256,0.537125,0.418632,0.316161,0.229375,0.483492,0.342479,0.253492,0.201217,4393615861499671936,17.2177,16.3374,15.7807,15.4592
CFA3S,17.6118,16.8189,16.2416,15.7911,17.1213,16.5056,16.2263,16.107,257.747,5.84069,0.556362,0.434004,0.327147,0.2375,0.500934,0.355338,0.263232,0.209517,-999,-999,-999,-999,-999
CFA3S,18.1203,17.4499,16.9561,16.5521,17.7041,17.2211,16.9923,16.92,257.743,5.92894,0.552744,0.431004,0.325147,0.236375,0.497934,0.353338,0.261362,0.207517,-999,-999,-999,-999,-999
CFA3S,18.2871,17.3725,16.6637,16.1544,17.7366,16.9445,16.6479,16.5279,24.673,41.6708,0.212897,0.165703,0.125665,0.09075,0.191922,0.135592,0.100571,0.0799064,348074423230172032,18.2239,17.3804,16.8639,16.6066
CFA3S,16.8761,15.9475,15.2847,14.7674,16.3148,15.549,15.2555,15.1495,24.6576,41.7284,0.212897,0.165703,0.125665,0.09075,0.191922,0.135592,0.100571,0.0799064,348077760422109696,16.7606,15.9702,15.473,15.21
CFA3S,17.3971,16.8205,16.3867,16.0194,17.027,16.6141,16.4649,16.4363,24.6382,41.6918,0.213897,0.166579,0.125678,0.09175,0.192109,0.136592,0.101571,0.0802069,348077412527451776,17.2956,16.8206,16.5771,16.4448
CFA3S,18.3381,17.5155,16.9617,16.4804,17.846,17.216,16.9803,16.8782,24.6129,41.5821,0.214897,0.167579,0.126665,0.09175,0.193109,0.137592,0.101571,0.0809064,-999,-999,-999,-999,-999
CFA3S,17.4551,16.8715,16.4497,16.0694,17.0868,16.6687,16.5173,16.4679,24.5907,41.5765,0.217897,0.169826,0.128665,0.092875,0.196736,0.139592,0.103441,0.0822069,348072228504260224,17.3867,16.8825,16.6452,16.4945
CFA3S,16.7661,16.2715,15.8977,15.5724,16.4321,16.1118,16.0111,15.995,24.5903,41.6018,0.219897,0.171703,0.129665,0.09375,0.197923,0.140592,0.104441,0.0829064,348075286520970112,16.6677,16.2662,16.0899,15.9985
CFA3S,16.4431,15.6075,15.0307,14.5524,15.9316,15.2836,15.0266,14.9242,24.5044,41.6458,0.224897,0.17495,0.132651,0.09575,0.20255,0.143592,0.106441,0.0842069,348076523471396224,16.3512,15.6165,15.215,14.9799
CFA3S,17.2061,16.7585,16.4157,16.0844,16.9165,16.6197,16.5302,16.5187,24.4855,41.6477,0.222897,0.173826,0.130665,0.094875,0.200736,0.142451,0.105441,0.0835074,348076209936535808,17.1227,16.7704,16.6074,16.5248
CFA3S,18.8371,18.2705,17.7857,17.3994,18.4848,18.0447,17.8833,17.8291,24.4757,41.7484,0.219897,0.171703,0.129665,0.09375,0.197923,0.140592,0.104441,0.0829064,-999,-999,-999,-999,-999
CFA3S,17.9551,17.2125,16.7377,16.4084,17.4882,16.9637,16.793,16.7265,24.4578,41.5898,0.232516,0.181074,0.136651,0.09975,0.209364,0.148451,0.110441,0.0875074,-999,-999,-999,-999,-999
CFA3S,18.0631,17.5285,17.1467,16.7774,17.7139,17.3732,17.2584,17.2264,24.4562,41.7367,0.218897,0.170703,0.128665,0.09375,0.196923,0.139592,0.103571,0.0822069,-999,-999,-999,-999,-999
CFA3S,17.6051,16.9795,16.5417,16.1704,17.2215,16.7904,16.6188,16.5704,24.4545,41.6871,0.218897,0.170703,0.128665,0.09375,0.196923,0.139592,0.103571,0.0822069,348123802471384704,17.5246,17.0113,16.7476,16.5997
CFA3S,17.5157,17.0613,16.6864,16.3695,17.1954,16.9129,16.8145,16.7954,21.414,33.9633,0.18566,0.144084,0.10872,0.078875,0.166854,0.118732,0.0877006,0.0696059,317293973167709952,17.4307,17.0497,16.8908,16.8097
CFA3S,17.1407,16.6083,16.2134,15.8465,16.7998,16.4466,16.3119,16.2669,21.3898,33.9762,0.19266,0.150207,0.113692,0.08275,0.173668,0.122732,0.0908305,0.0726059,317294252340843392,17.0677,16.6215,16.4102,16.2888
CFA3S,18.1437,17.4513,16.9664,16.5105,17.7399,17.2171,17.0291,16.9513,21.3893,34.116,0.19066,0.148084,0.111706,0.080875,0.170854,0.121732,0.0897006,0.0716059,-999,-999,-999,-999,-999
CFA3S,15.7737,15.1313,14.6924,14.2965,15.3532,14.9105,14.7525,14.7108,21.3867,34.0094,0.18866,0.147084,0.11072,0.08075,0.169854,0.120732,0.0897006,0.0706059,317297241638079872,15.6711,15.1276,14.8666,14.7298
CFA3S,15.9667,15.3843,14.9774,14.5955,15.6003,15.2039,15.0556,15.0315,21.3852,34.0184,0.18866,0.147084,0.11072,0.08075,0.169854,0.120732,0.0897006,0.0706059,317297310357555712,15.8858,15.3977,15.1608,15.0429
CFA3S,18.4637,17.7563,17.2144,16.7575,18.0215,17.472,17.2279,17.1701,21.3544,34.056,0.19066,0.148207,0.111706,0.08175,0.171668,0.121732,0.0898305,0.0716059,-999,-999,-999,-999,-999
CFA3S,16.0927,15.6033,15.2384,14.9025,15.7883,15.4744,15.3575,15.3438,21.3392,34.1123,0.19066,0.148207,0.111706,0.08175,0.171668,0.121732,0.0898305,0.0716059,317299200143159296,16.0048,15.621,15.441,15.3506
CFA3S,16.0417,15.3603,14.8764,14.4465,15.6104,15.1454,14.926,14.8762,21.3308,34.0894,0.191279,0.149084,0.112706,0.08175,0.171854,0.121732,0.0907006,0.0716059,317299062704207488,15.9672,15.389,15.1047,14.9515
CFA3S,16.1477,15.3483,14.7714,14.3015,15.7503,14.9705,15.003,14.7037,21.3178,34.1086,0.19066,0.148207,0.111706,0.08175,0.171668,0.121732,0.0898305,0.0716059,317310813734728064,16.1446,15.4338,15.0329,14.812
CFA3S,17.4547,16.5583,15.9294,15.4545,16.9208,16.1916,15.9171,15.8135,21.2752,34.0939,0.19066,0.148084,0.111706,0.080875,0.170854,0.121732,0.0897006,0.0716059,317310470137345152,17.3735,16.5812,16.1202,15.8751
CFA3S,17.6397,17.0813,16.6564,16.2795,17.2194,16.8467,16.7071,16.6485,21.2614,33.9623,0.194279,0.151207,0.113706,0.082875,0.174668,0.123732,0.0917006,0.0729064,316922303878103296,17.4724,17.0473,16.8188,16.679
CFA3S,17.5632,17.0637,16.6946,16.3462,17.2346,16.9213,16.8081,16.7933,74.3387,-4.8078,0.147804,0.115218,0.0867763,0.062875,0.133158,0.0940141,0.0699605,0.0557044,3212519916888570752,17.5026,17.0897,16.8949,16.7929
CFA3S,18.1102,17.5507,16.8226,16.0402,18.58,18.1615,18.0115,18.0019,74.3375,-4.80338,0.147804,0.115218,0.0867763,0.062875,0.133158,0.0940141,0.0699605,0.0557044,-999,-999,-999,-999,-999
CFA3S,16.728,16.1957,15.8097,15.4709,16.3914,16.061,15.9218,15.903,74.3313,-4.82998,0.143804,0.112094,0.0847763,0.060875,0.129344,0.0920141,0.0679605,0.0537044,3212519818105755392,16.6415,16.2237,16.0228,15.9069
CFA3S,17.9042,17.2522,16.822,16.428,17.4941,17.0547,16.9084,16.8631,74.3283,-4.84059,0.143804,0.112094,0.0847763,0.060875,0.129344,0.0920141,0.0679605,0.0537044,-999,-999,-999,-999,-999
CFA3S,16.3105,15.5495,14.997,14.5363,15.8373,15.272,15.0088,14.9194,74.3225,-4.74635,0.152804,0.119218,0.0897624,0.064875,0.137157,0.0978732,0.0719605,0.0570049,3212524834627546368,16.2252,15.5671,15.1939,14.9643
CFA3S,16.5952,15.7199,15.1054,14.6297,16.0717,15.3793,15.1066,15.0051,74.3039,-4.70459,0.161423,0.125465,0.0947484,0.068875,0.144785,0.102873,0.0759605,0.0603054,3212525899779432832,16.504,15.7471,15.2958,15.0542
CFA3S,17.2636,16.3639,15.752,15.2831,16.7121,16.0099,15.7477,15.6492,74.2691,-4.6812,0.161423,0.125589,0.0947624,0.068875,0.145599,0.103014,0.0768305,0.0610049,3212537788248909312,17.1754,16.3898,15.9276,15.6957
CFA3S,16.2079,15.4889,14.9984,14.5837,15.7488,15.2366,15.0364,14.9734,74.2675,-4.77995,0.159423,0.124465,0.0937484,0.067875,0.143785,0.101873,0.0749605,0.0600049,3212523941274360192,16.1054,15.4917,15.1759,15.0008
CFA3S,17.1348,16.3455,15.7823,15.3177,16.6363,16.0313,15.7843,15.6863,74.2645,-4.72118,0.166423,0.129713,0.0977484,0.070875,0.150413,0.106873,0.0788305,0.0623054,3212524456670428416,17.0381,16.3526,15.962,15.7315
CFA3S,18.1669,17.3812,16.8577,16.412,17.6609,17.1099,16.8827,16.7943,74.2534,-4.77817,0.166423,0.129589,0.0977484,0.070875,0.149599,0.105873,0.0788305,0.0623054,-999,-999,-999,-999,-999
CFA3S,15.8732,15.2382,14.803,14.4527,15.4349,15.0222,14.8745,14.847,74.2463,-4.74464,0.168423,0.130713,0.0987484,0.071875,0.151413,0.107873,0.0798305,0.0633054,3212524216152265088,15.7494,15.2213,14.9705,14.8495
CFA3S,16.0405,15.5562,15.1963,14.9174,15.6621,15.3431,15.2363,15.2178,74.2327,-4.74693,0.166423,0.129589,0.0977484,0.070875,0.149599,0.106873,0.0788305,0.0623054,3212524280575949952,15.8937,15.4926,15.3085,15.2187
CFA3S,17.0937,16.5898,16.2023,15.8731,16.7596,16.427,16.2947,16.2801,74.2319,-4.84122,0.155423,0.121341,0.0917484,0.065875,0.139971,0.0990141,0.0729605,0.0580049,3212516691369574016,17.0084,16.582,16.3783,16.2677
CFA3S,15.9006,15.2829,14.8554,14.5044,15.4952,15.075,14.9336,14.9138,74.2292,-4.83581,0.155423,0.121341,0.0917484,0.065875,0.139971,0.0990141,0.0729605,0.0580049,3212516691369573376,15.7916,15.2735,15.0341,14.9138
CFA3S,15.8462,15.3269,14.931,14.5871,15.5229,15.1487,15.0027,14.973,74.1968,-4.81081,0.158804,0.123465,0.0937484,0.067875,0.142785,0.101873,0.0749605,0.0600049,3212517584722771712,15.7838,15.3255,15.1052,14.9839
CFA3S,16.4172,15.8785,15.497,15.169,16.0508,15.7077,15.6025,15.5836,74.1651,-4.7519,0.153804,0.120341,0.0907624,0.065875,0.138971,0.0980141,0.0729605,0.0580049,3212535761024364928,16.3181,15.8759,15.6776,15.5832
CFA3S,18.0186,17.1949,16.6867,16.2991,17.3168,16.8748,16.7063,16.6466,74.1562,-4.79677,0.154804,0.120341,0.0907624,0.065875,0.138971,0.0990141,0.0729605,0.0580049,3212529576271569920,17.6413,17.0916,16.8219,16.6686
CFA3S,18.0811,17.33,16.8312,16.4357,17.6308,17.0961,16.8947,16.8369,144.566,25.5229,0.0700929,0.054485,0.0408882,0.029875,0.062765,0.0445775,0.0326102,0.026202,-999,-999,-999,-999,-999
CFA3S,17.8474,17.2148,16.7713,16.4165,17.4538,17.0101,16.8413,16.8154,144.52,25.5753,0.0697115,0.054485,0.0408882,0.029875,0.062765,0.0445775,0.0326102,0.026202,-999,-999,-999,-999,-999
CFA3S,18.3921,17.9695,17.6424,17.3052,18.1445,17.8382,17.7376,17.7363,144.503,25.5439,0.0757115,0.0586088,0.0448742,0.032,0.0675788,0.0484366,0.0354802,0.0285025,-999,-999,-999,-999,-999
CFA3S,18.3715,17.5204,16.8827,16.4024,17.873,17.1766,16.8913,16.781,144.489,25.4276,0.0760929,0.0596088,0.0448742,0.032875,0.0685787,0.0485775,0.0356102,0.0285025,-999,-999,-999,-999,-999
CFA3S,15.6533,15.1085,14.7254,14.4654,15.2816,14.9123,14.7827,14.7883,144.48,25.4174,0.0747115,0.0576088,0.0438882,0.031875,0.0665788,0.0475775,0.0354802,0.028202,-999,-999,-999,-999,-999
CFA3S,16.3231,15.4745,14.8942,14.4064,15.785,15.1507,14.8651,14.752,144.462,25.476,0.0767115,0.0596088,0.0448882,0.032875,0.0685787,0.0485775,0.0364802,0.0285025,-999,-999,-999,-999,-999
CFA3S,15.9393,15.3595,14.9392,14.5919,15.5739,15.1593,15.0116,14.984,144.409,25.4855,0.0737115,0.0576088,0.0428882,0.031875,0.0665788,0.0474366,0.0346102,0.0275025,645102923923609472,15.8355,15.3644,15.1249,14.9939
CFA3S,17.7082,17.2513,16.9233,16.5793,17.4283,17.1376,17.029,17.0189,149.769,17.7717,0.118567,0.0925987,0.0698183,0.050875,0.107089,0.0761549,0.0562203,0.0444039,-999,-999,-999,-999,-999
CFA3S,17.0072,16.5003,16.1213,15.8093,16.6999,16.3581,16.2262,16.1908,149.722,17.8138,0.117567,0.0915987,0.0688183,0.049875,0.106089,0.0751549,0.0552203,0.0441034,-999,-999,-999,-999,-999
CFA3S,18.6848,18.066,17.6454,17.2437,18.3456,17.8772,17.6958,17.6268,347.752,7.52447,0.259753,0.201692,0.152595,0.11075,0.233432,0.16531,0.122311,0.0978079,-999,-999,-999,-999,-999
CFA3S,18.0598,17.357,16.8354,16.3627,17.6631,17.0855,16.8334,16.741,347.732,7.4917,0.254135,0.197569,0.149609,0.10875,0.228619,0.16231,0.120311,0.0958079,-999,-999,-999,-999,-999
CFA3S,17.3218,16.779,16.3724,16.0007,17.0079,16.5864,16.452,16.3883,347.697,7.6545,0.262753,0.204692,0.154595,0.11175,0.236432,0.16731,0.124181,0.0988079,-999,-999,-999,-999,-999
CFA3S,18.6478,17.897,17.4084,16.9877,18.2883,17.7567,17.6053,17.5064,347.612,7.55179,0.217897,0.169703,0.127665,0.09275,0.195922,0.138592,0.102571,0.0819064,-999,-999,-999,-999,-999
CFA3S,16.9183,16.3725,15.9738,15.6375,16.5568,16.1989,16.0682,16.0587,154.344,60.3036,0.0302372,0.0236188,0.0179581,0.013,0.0270687,0.0197183,0.0147401,0.011601,1048547309620118784,16.8239,16.378,16.1673,16.061
CFA3S,15.401,14.9525,14.6154,14.3062,15.0812,14.8201,14.72,14.7159,196.988,34.1554,0.0418558,0.03199,0.0239441,0.017875,0.03751,0.0267183,0.0197401,0.015601,1467840708753246976,15.2814,14.9509,14.7938,14.7113
CFA3S,16.7837,16.1782,15.7384,15.3643,16.384,15.9578,15.8024,15.7772,196.981,34.0096,0.0444744,0.0348663,0.0259301,0.019,0.0396963,0.0285775,0.0207401,0.0169015,1467744913802569856,16.7047,16.1717,15.915,15.7905
CFA3S,16.197,15.6565,15.2641,14.9279,15.843,15.4837,15.3655,15.3466,196.968,34.1374,0.0428558,0.0338663,0.0249441,0.018,0.0386963,0.0277183,0.0206102,0.0159015,-999,-999,-999,-999,-999
CFA3S,16.525,15.8112,15.3151,14.9153,16.0718,15.5416,15.3531,15.303,196.923,34.0698,0.0408558,0.03199,0.0239441,0.017875,0.03751,0.0267183,0.0197401,0.015601,1467746219472628480,16.4306,15.8109,15.4898,15.3248
CFA3S,18.5027,18.1172,17.7884,17.4649,18.2401,18.037,17.9046,17.8963,196.889,34.1752,0.0408558,0.03199,0.0239441,0.017875,0.03751,0.0267183,0.0197401,0.015601,-999,-999,-999,-999,-999
CFA3S,17.958,17.4162,17.0361,16.7172,17.5833,17.2395,17.0997,17.0726,154.491,21.7481,0.0887115,0.06898,0.0518742,0.037875,0.08002,0.0564366,0.0423503,0.0335025,-999,-999,-999,-999,-999
CFA3S,16.2457,15.6739,15.2863,14.9702,15.8396,15.4781,15.3591,15.3298,154.478,21.7855,0.0893301,0.0698562,0.0528602,0.038,0.0802063,0.0574366,0.0423503,0.033803,-999,-999,-999,-999,-999
CFA3S,17.0377,16.4182,15.9516,15.5602,16.6524,16.1905,16.0086,15.9587,154.45,21.9001,0.0897115,0.06998,0.0528602,0.038,0.08102,0.0574366,0.0423503,0.033803,-999,-999,-999,-999,-999
CFA3S,17.2811,16.4808,15.8919,15.442,16.8072,16.1398,15.8891,15.7793,216.25,26.6564,0.0680929,0.053485,0.0399022,0.029,0.061765,0.0435775,0.0324802,0.0255025,-999,-999,-999,-999,-999
CFA3S,18.1618,17.8138,17.4746,17.1777,17.8868,17.6721,17.5981,17.6111,216.233,26.6856,0.0680929,0.052485,0.0399022,0.029,0.060765,0.0435775,0.0324802,0.0255025,-999,-999,-999,-999,-999
CFA3S,16.7673,16.0718,15.5871,15.1915,16.331,15.8232,15.6243,15.5529,216.196,26.6742,0.0670929,0.052485,0.0398882,0.028875,0.060765,0.0425775,0.0316102,0.025202,1256460800903423744,16.6887,16.076,15.767,15.5845
CFA3S,17.5754,16.9402,16.4857,16.1001,17.1783,16.7176,16.536,16.4727,216.188,26.6886,0.0690929,0.054485,0.0408882,0.029875,0.062765,0.0445775,0.0326102,0.026202,1256461556817668864,17.494,16.9569,16.6831,16.5082
CFA3S,17.7934,16.8253,16.1222,15.5019,17.2299,16.4213,16.0141,15.8141,306.067,58.3069,1.47181,1.14693,0.865735,0.6285,1.32495,0.940282,0.696124,0.552946,2188285291856072320,17.7184,16.8372,16.3116,15.9226
CFA3S,17.1829,16.2319,15.5454,14.9709,16.6335,15.8423,15.4542,15.2708,306.051,58.4341,1.62161,1.26314,0.953498,0.692375,1.45911,1.0353,0.766215,0.608951,2188290651975383936,17.093,16.2564,15.7335,15.3719
CFA3S,17.5427,16.5921,15.9275,15.3977,16.9918,16.2187,15.8563,15.6993,305.985,58.3915,1.50504,1.17267,0.884694,0.6425,1.35483,0.961,0.711864,0.565547,-999,-999,-999,-999,-999
CFA3S,17.5117,16.4918,15.7534,15.1649,16.9015,16.0449,15.6345,15.4397,305.905,58.2929,1.41833,1.10469,0.833819,0.6055,1.27581,0.905563,0.670514,0.532744,-999,-999,-999,-999,-999
CFA3S,17.7647,16.8326,16.1577,15.6115,17.1964,16.4324,16.0633,15.8881,305.853,58.3117,1.40771,1.09657,0.827833,0.6015,1.267,0.898704,0.665644,0.528744,-999,-999,-999,-999,-999
CFA3S,17.829,16.9006,16.2318,15.6673,17.2971,16.5272,16.1483,15.9666,305.802,58.4239,1.46219,1.1388,0.859749,0.6245,1.31613,0.933423,0.691254,0.549645,2188477568951296768,17.7524,16.9178,16.4157,16.07
CFA3S,16.2911,15.5204,14.9635,14.5183,15.8154,15.2269,14.9781,14.8778,236.809,-1.0652,0.363083,0.28292,0.213441,0.154625,0.32708,0.231606,0.171531,0.135911,4404209346796884864,16.2038,15.5277,15.1536,14.9248
CFA3S,16.134,15.4832,15.0103,14.6093,15.7127,15.2366,15.033,14.9577,236.738,-1.07227,0.342465,0.267425,0.201469,0.146625,0.308825,0.218746,0.161791,0.128611,4404197733205321984,16.031,15.478,15.1818,14.9961
CFA3S,17.3276,16.5885,16.0609,15.6496,16.8455,16.293,16.0696,15.9754,236.68,-1.07222,0.345465,0.269425,0.203469,0.147625,0.310825,0.220746,0.163661,0.129611,4404197595766375424,17.2042,16.5737,16.2311,16.0192
CFA3S,16.4604,15.9379,15.5462,15.2258,16.1192,15.7684,15.6632,15.6413,211.718,-5.49285,0.0893301,0.0698562,0.0528602,0.037875,0.0802063,0.0572958,0.0423503,0.0335025,3643688939250704128,16.3784,15.934,15.7416,15.6446
CFA3S,17.3564,16.8099,16.4039,16.0781,16.9846,16.618,16.4861,16.4678,211.687,-5.46974,0.0883301,0.0688562,0.0518602,0.037875,0.0792063,0.0564366,0.0414802,0.032803,3643692027331536000,17.2525,16.8016,16.589,16.4676
CFA3S,16.5891,15.9499,15.4916,15.1305,16.1856,15.7269,15.558,15.5016,211.682,-5.34674,0.0837115,0.0648563,0.0488742,0.035875,0.0752063,0.0534366,0.0394802,0.0315025,-999,-999,-999,-999,-999
CFA3S,17.2851,16.7359,16.2842,15.9058,16.9434,16.525,16.339,16.2884,211.643,-5.49268,0.0893301,0.0698562,0.0528602,0.038,0.0802063,0.0574366,0.0423503,0.033803,-999,-999,-999,-999,-999
CFA3S,16.824,16.3395,15.9588,15.6727,16.4813,16.1641,16.0643,16.06,211.619,-5.45926,0.0873301,0.0678563,0.0508742,0.037,0.0782063,0.0554366,0.0413503,0.032803,3643692615742711680,16.7262,16.3363,16.1492,16.0608
CFA3S,17.0707,16.6435,16.2932,15.9961,16.7654,16.4887,16.3955,16.3835,211.584,-5.40442,0.0857115,0.0668563,0.0508602,0.036875,0.0772063,0.0544366,0.0404802,0.0325025,3643881108971667840,16.9667,16.6356,16.4854,16.3829
CFA3S,17.2994,16.8932,16.5552,16.2674,17.0124,16.7596,16.6707,16.6598,211.584,-5.45349,0.0857115,0.0668563,0.0508602,0.036875,0.0772063,0.0552958,0.0404802,0.0325025,3643692783245781760,17.2092,16.8844,16.7435,16.6709
CFA3S,16.2867,15.7332,15.3299,15.0074,15.9178,15.5481,15.4161,15.3881,211.563,-5.39208,0.0857115,0.0668563,0.0498742,0.036875,0.0772063,0.0544366,0.0404802,0.0325025,-999,-999,-999,-999,-999
CFA3S,17.2777,16.7597,16.3826,16.0233,16.933,16.6064,16.4859,16.479,244.233,35.6734,0.0494744,0.03899,0.0289301,0.021,0.04451,0.0317183,0.0236102,0.0189015,-999,-999,-999,-999,-999
CFA3S,17.264,16.633,16.1799,15.779,16.8442,16.4162,16.2449,16.1955,244.22,35.7945,0.0454744,0.03499,0.0269301,0.019,0.04051,0.0287183,0.0216102,0.0169015,1329888901826509440,17.1809,16.6377,16.3757,16.2202
CFA3S,16.5696,15.9793,15.5515,15.1729,16.1813,15.7838,15.6319,15.5948,244.211,35.7788,0.0454744,0.03499,0.0269301,0.019,0.04051,0.0287183,0.0216102,0.0169015,1329888661308340608,16.4637,15.9752,15.741,15.6074
CFA3S,16.0016,15.4303,15.0225,14.6513,15.6039,15.2285,15.0829,15.0528,244.131,35.638,0.0544744,0.0422375,0.0319161,0.023,0.0491375,0.0347183,0.0256102,0.020202,-999,-999,-999,-999,-999
CFA3S,17.3383,16.777,16.3765,-982.223,16.9478,16.5829,16.4621,16.4469,244.126,35.6901,0.0670929,0.0523612,0.0389022,0.028875,0.0599512,0.0425775,0.0316102,0.025202,-999,-999,-999,-999,-999
CFA3S,16.5537,15.8467,15.3439,14.9223,16.0989,15.5822,15.3778,15.3078,244.086,35.759,0.0620929,0.0483613,0.0369022,0.026875,0.0559513,0.0395775,0.0296102,0.023202,-999,-999,-999,-999,-999
CFA3S,17.297,16.7407,16.3392,15.969,16.9186,16.5501,16.419,16.3866,244.076,35.7406,0.0620929,0.0483613,0.0369022,0.026875,0.0559513,0.0395775,0.0296102,0.023202,-999,-999,-999,-999,-999
CFA3S,18.3287,17.7117,17.2822,16.9413,17.9052,17.494,17.3402,17.3226,244.067,35.7195,0.0650929,0.0503613,0.0379022,0.027875,0.0579512,0.0415775,0.0306102,0.024202,-999,-999,-999,-999,-999
CFA3S,18.2989,17.6943,17.2815,16.8946,17.9053,17.5071,17.3536,17.3355,244.044,35.7418,0.0590929,0.0462375,0.0349022,0.025,0.0531375,0.0375775,0.0276102,0.022202,-999,-999,-999,-999,-999
CFA3S,18.0726,17.4905,17.0664,16.7217,17.7318,17.3555,17.1917,17.154,198.303,-19.5218,0.338465,0.263301,0.198483,0.144625,0.304011,0.215746,0.159791,0.12731,-999,-999,-999,-999,-999
CFA3S,18.0333,17.4278,16.9737,16.573,17.6765,17.2389,17.0664,16.9972,198.279,-19.499,0.338465,0.263301,0.198483,0.144625,0.304011,0.215746,0.159791,0.12731,-999,-999,-999,-999,-999
CFA3S,17.8157,17.0712,16.5478,16.1238,17.3796,16.8277,16.6211,16.5407,198.245,-19.4679,0.339465,0.264425,0.199483,0.14475,0.305825,0.216746,0.160661,0.127611,-999,-999,-999,-999,-999
CFA3S,17.4738,16.7541,16.2259,15.8284,17.0466,16.5132,16.2996,16.2165,198.185,-19.5707,0.322846,0.25193,0.189511,0.13775,0.29057,0.205887,0.152791,0.12131,3507316683856363392,17.4054,16.7849,16.4612,16.262
CFA3S,18.1926,17.5229,16.9645,16.5747,17.7882,17.2646,17.0162,16.8949,299.171,40.42,1.03039,0.802399,0.606406,0.44,0.927289,0.658239,0.487113,0.387532,-999,-999,-999,-999,-999
CFA3S,17.7446,16.9509,16.3775,15.9247,17.338,16.6872,16.426,16.308,299.17,40.368,1.04563,0.814646,0.614392,0.446,0.940916,0.667099,0.493983,0.392833,-999,-999,-999,-999,-999
CFA3S,16.6729,16.0189,15.5209,15.1223,16.3244,15.8195,15.5915,15.5052,298.978,40.5098,0.996157,0.775656,0.585476,0.425,0.896406,0.63638,0.471243,0.373931,-999,-999,-999,-999,-999
CFA3S,17.3813,16.6926,16.1899,15.7583,16.9613,16.4546,16.2316,16.1462,298.962,40.5138,0.96992,0.755038,0.570504,0.414,0.872337,0.619521,0.458503,0.36433,2073600972060382976,17.2912,16.6964,16.3778,16.1886
CFA3S,16.5332,15.8026,15.2891,14.7898,16.0774,15.5397,15.3051,15.2031,352.086,22.4721,0.173423,0.134836,0.101734,0.073875,0.156226,0.110873,0.0818305,0.0653054,2827547949311565056,16.4609,15.8237,15.4836,15.2571
CFA3S,18.1792,17.6166,17.2281,16.7768,17.8366,17.492,17.3555,17.3402,352.072,22.4804,0.174042,0.135713,0.10272,0.07475,0.156413,0.110873,0.0819605,0.0653054,-999,-999,-999,-999,-999
CFA3S,16.7002,16.0596,15.6161,15.2138,16.283,15.8342,15.6658,15.6227,352.039,22.3616,0.174042,0.135836,0.102734,0.07475,0.157226,0.110873,0.0828305,0.0653054,-999,-999,-999,-999,-999
CFA3S,16.5382,15.9106,15.4471,14.9998,16.1467,15.6837,15.4884,15.4224,352.036,22.4436,0.173423,0.134836,0.101734,0.073875,0.156226,0.110873,0.0818305,0.0653054,2827547468275228160,16.4801,15.908,15.6268,15.4604
CFA3S,17.2122,16.4636,15.8801,15.3368,16.7548,16.1367,15.8609,15.7345,352.025,22.5163,0.175042,0.136712,0.102734,0.074875,0.157413,0.111873,0.0828305,0.0656059,-999,-999,-999,-999,-999
CFA3S,17.4154,16.9826,16.6497,16.3832,17.4896,17.068,16.8992,16.8366,51.0694,40.5743,0.673929,0.524602,0.395966,0.287375,0.606023,0.430493,0.318452,0.252921,-999,-999,-999,-999,-999
CFA3S,18.6287,17.8969,17.347,16.8935,18.1488,17.5935,17.3693,17.2621,51.0669,40.4962,0.627455,0.488613,0.369035,0.267375,0.564512,0.400775,0.296712,0.235719,-999,-999,-999,-999,-999
CFA3S,17.1311,16.2326,15.608,15.0799,16.5957,15.9045,15.5749,15.424,51.0647,40.6098,0.680929,0.530726,0.400952,0.29125,0.612836,0.435493,0.322452,0.255921,236144831014149376,17.0434,16.2477,15.8024,15.4997
CFA3S,17.8574,17.0386,16.456,15.9846,17.3712,16.7069,16.4764,16.3646,51.0632,40.5994,0.680929,0.530726,0.400952,0.29125,0.612836,0.435493,0.322452,0.255921,236144831014150912,17.774,17.0639,16.6619,16.4283
CFA3S,17.346,16.4959,15.9043,15.4039,16.8342,16.1678,15.8962,15.7672,51.0578,40.5437,0.650074,0.506107,0.382008,0.277375,0.584767,0.414775,0.307582,0.24432,236144384337558784,17.2495,16.5163,16.1036,15.8456
CFA3S,16.802,15.7879,15.0783,14.4839,16.2099,15.398,15.0035,14.814,51.0517,40.6335,0.705167,0.549221,0.41491,0.30125,0.634091,0.450352,0.333322,0.264522,236145655648026880,16.731,15.8136,15.2839,14.9172
CFA3S,18.1547,17.3276,16.767,16.2862,17.6618,17.0409,16.7723,16.6504,51.0481,40.5266,0.650074,0.506107,0.382008,0.277375,0.584767,0.414775,0.307582,0.24432,-999,-999,-999,-999,-999
CFA3S,18.0131,17.1226,16.481,15.9426,17.4767,16.7739,16.4347,16.2766,51.045,40.6437,0.705167,0.549221,0.41491,0.30125,0.634091,0.450352,0.333322,0.264522,236146033604990208,17.9316,17.1392,16.6849,16.3689
CFA3S,17.9824,17.1359,16.538,16.0399,17.4809,16.7838,16.5162,16.3959,51.0444,40.5817,0.668311,0.520479,0.392966,0.285375,0.601209,0.426634,0.315582,0.250921,236144693575200640,17.8719,17.1493,16.7338,16.4731
CFA3S,17.0521,16.3153,15.7864,15.3309,16.6158,16.0609,15.8163,15.7476,50.9962,40.6227,0.695548,0.542098,0.408924,0.29725,0.626278,0.444352,0.328452,0.261222,236145754430961920,16.9681,16.3382,15.9977,15.7863
CFA3S,17.7774,16.9679,16.3796,15.8895,17.2634,16.6013,16.3422,16.2425,50.9938,40.605,0.682929,0.53185,0.400952,0.291375,0.61465,0.435493,0.322452,0.256222,236145690007612032,17.6776,16.9393,16.5337,16.2931
CFA3S,16.2764,15.6273,15.1607,14.7603,15.8583,15.3997,15.2159,15.148,50.9761,40.4964,0.629455,0.489736,0.370035,0.268375,0.566326,0.401775,0.297712,0.23602,236120538679138304,16.1754,15.6359,15.3476,15.1775
CFA3S,18.3218,17.6743,17.1504,16.7569,17.9658,17.5654,17.314,17.29,50.958,40.6014,0.671311,0.522602,0.394966,0.286375,0.604023,0.428493,0.317452,0.251921,-999,-999,-999,-999,-999
CFA3S,18.3494,17.7643,17.3384,16.9503,17.9648,17.621,17.375,17.3667,50.9114,40.4942,0.605837,0.472118,0.356063,0.258375,0.545257,0.386915,0.285972,0.227419,-999,-999,-999,-999,-999
CFA3S,16.2104,15.5733,15.1144,14.7283,15.8407,15.3499,15.1747,15.1133,50.8913,40.5807,0.616837,0.480365,0.363049,0.263375,0.554885,0.393915,0.291842,0.231719,236309654679751168,16.1149,15.5811,15.3083,15.1498
CFA3S,17.4657,16.4729,15.73,15.1325,16.8825,16.0399,15.6405,15.4505,50.8828,40.5852,0.616837,0.480365,0.363049,0.263375,0.554885,0.393915,0.291842,0.231719,236309654679839616,17.3655,16.4957,15.9275,15.5583
CFA3S,17.2558,16.5383,16.025,15.6209,16.8171,16.2629,16.0523,15.9652,50.8743,40.503,0.575599,0.448499,0.338119,0.2455,0.518189,0.367197,0.272102,0.216118,236120057642803456,17.1639,16.5231,16.2064,16.0104
CFA3S,17.4475,16.8762,16.474,16.108,17.0868,16.7095,16.574,16.5337,27.5359,32.5891,0.163423,0.127465,0.0957484,0.069875,0.146785,0.104014,0.0769605,0.0613054,305288444359254656,17.3875,16.9113,16.6804,16.5568
CFA3S,16.9058,16.3032,15.882,15.5197,16.5337,16.1221,15.9749,15.9303,27.5229,32.7087,0.157423,0.122465,0.0927484,0.066875,0.141785,0.100873,0.0739605,0.0590049,305313836205899264,16.8382,16.3187,16.0833,15.9441
CFA3S,17.2325,16.5575,16.1046,15.7216,16.8097,16.3388,16.1705,16.1259,27.5197,32.5946,0.160423,0.124465,0.0937624,0.06875,0.143785,0.102014,0.0759605,0.0600049,305288650517684224,17.174,16.5845,16.2929,16.1429
CFA3S,17.1819,16.3989,15.843,15.3954,16.7084,16.1089,15.887,15.7752,27.5027,32.6716,0.155804,0.121341,0.0917624,0.06675,0.139971,0.0998732,0.0739605,0.0587044,305290265425381632,17.1164,16.4261,16.0415,15.8237
CFA3S,17.216,16.4642,15.9505,15.543,16.7018,16.1453,15.9498,15.8784,27.4743,32.5417,0.161804,0.126465,0.0947624,0.068875,0.145785,0.103014,0.0768305,0.0610049,305286966890508416,17.1103,16.4389,16.0974,15.9238
CFA3S,15.5682,14.9902,14.6313,14.3607,15.1848,14.8484,14.7342,14.7162,27.3999,32.7009,0.155804,0.121341,0.0917624,0.06675,0.139971,0.0998732,0.0739605,0.0587044,305293838838050688,15.4454,15.0056,14.8083,14.7205
CFA3S,16.8578,16.0962,15.6103,15.2457,16.3646,15.8561,15.6373,15.5583,27.3499,32.6042,0.168423,0.130713,0.0987484,0.071875,0.151413,0.107873,0.0798305,0.0633054,305291227497950080,16.7167,16.0999,15.7854,15.5973
CFA3S,16.7399,16.0995,15.6322,15.2387,16.3622,15.8839,15.6939,15.6283,29.5653,36.2608,0.324846,0.253054,0.191497,0.138625,0.292384,0.207746,0.153791,0.12201,330341053020672000,16.6926,16.1302,15.838,15.6608
CFA3S,16,15.2612,14.7489,14.3294,15.5668,15.0042,14.7909,14.714,29.5644,36.3952,0.307609,0.239682,0.180525,0.131625,0.276942,0.196028,0.145051,0.115709,330369232302072448,15.9371,15.2904,14.9458,14.7577
CFA3S,16.7859,15.9505,15.3815,14.927,16.2945,15.6541,15.3918,15.2974,29.5551,36.3886,0.307609,0.239682,0.180525,0.131625,0.276942,0.196028,0.145051,0.115709,330345764600767744,16.7202,15.9759,15.5856,15.351
CFA3S,17.2346,16.3348,15.6868,15.1853,16.7265,15.9702,15.6696,15.5307,29.5534,36.2728,0.323846,0.252054,0.190497,0.138625,0.291384,0.206887,0.152921,0.12131,330344012254129152,17.1838,16.3723,15.8795,15.6068
CFA3S,18.4686,17.9015,17.4798,17.088,18.0962,17.708,17.5192,17.469,29.5242,36.2701,0.323846,0.252054,0.190497,0.138625,0.291384,0.206887,0.152921,0.12131,-999,-999,-999,-999,-999
CFA3S,18.1572,17.5278,17.0941,16.684,17.7695,17.3214,17.1182,17.0368,29.5001,36.3654,0.311228,0.242682,0.183511,0.13275,0.279942,0.198887,0.146921,0.11701,-999,-999,-999,-999,-999
CFA3S,16.7213,15.8705,15.2832,14.7903,16.2153,15.558,15.2569,15.1134,29.4835,36.3234,0.317228,0.24693,0.186511,0.135625,0.28557,0.202887,0.149921,0.11901,330345077406011776,16.6517,15.8829,15.4686,15.1945
CFA3S,17.9156,17.0772,16.4422,15.8894,17.43,16.7465,16.3957,16.2128,29.4756,36.3989,0.309228,0.240682,0.181525,0.13175,0.277942,0.197028,0.145921,0.11601,-999,-999,-999,-999,-999
CFA3S,17.5096,16.8692,16.4139,16.0157,17.098,16.6451,16.4656,16.3955,29.4652,36.2705,0.323228,0.252054,0.190497,0.13775,0.291384,0.206746,0.152791,0.12131,-999,-999,-999,-999,-999
CFA3S,16.1926,15.5368,15.0758,14.6773,16.0175,15.325,15.1288,15.0499,29.4494,36.3698,0.311228,0.242682,0.182525,0.13275,0.279942,0.198887,0.146921,0.11701,-999,-999,-999,-999,-999
CFA3S,16.0236,15.4036,14.9762,14.6455,15.6552,15.2169,15.0646,15.0325,29.4486,36.4327,0.303609,0.236559,0.178539,0.12975,0.273129,0.194028,0.143921,0.11401,-999,-999,-999,-999,-999
CFA3S,16.355,15.8562,15.4739,15.142,16.0434,15.6939,15.5611,15.5316,29.439,36.3475,0.314228,0.244806,0.184511,0.13375,0.282756,0.200887,0.147921,0.11801,330392253326787712,16.2673,15.8605,15.6585,15.544
CFA3S,17.1136,16.2028,15.5441,15.1336,16.5842,15.8205,15.5091,15.3807,29.4292,36.3159,0.316846,0.246806,0.186511,0.135625,0.284756,0.201887,0.149921,0.11901,330343806095693952,17.0477,16.2239,15.725,15.4463
CFA3S,15.8742,15.2848,14.8655,14.5096,15.5065,15.0959,14.9385,14.9014,29.4161,36.3575,0.311609,0.242806,0.183511,0.13275,0.280756,0.198887,0.146921,0.11701,330391050735850752,15.79,15.2903,15.0441,14.917
CFA3S,17.8119,17.0708,16.5635,16.149,17.3533,16.8001,16.5912,16.5094,29.3879,36.3477,0.313228,0.243806,0.184511,0.13375,0.281756,0.199887,0.147921,0.11801,-999,-999,-999,-999,-999
CFA3S,15.9942,15.3177,14.8343,14.4466,15.5637,15.0662,14.8634,14.7952,29.3729,36.2621,0.323846,0.252054,0.190497,0.13775,0.291384,0.206887,0.152791,0.12131,-999,-999,-999,-999,-999
CFA3S,17.5161,16.7526,16.2172,15.81,17.0252,16.4604,16.2411,16.1493,29.3396,36.3687,0.313228,0.243806,0.184511,0.13375,0.281756,0.200028,0.147921,0.11801,330391978448786176,17.4011,16.7363,16.3947,16.1946
CFA3S,17.9689,17.1862,16.6232,16.1266,17.4859,16.8929,16.639,16.532,311.887,0.320382,0.337465,0.263301,0.198483,0.144625,0.304011,0.215746,0.159791,0.126611,-999,-999,-999,-999,-999
CFA3S,17.0973,16.1239,15.4789,15.0086,16.4691,15.6859,15.3884,15.2745,311.875,0.40299,0.338465,0.263425,0.199469,0.144625,0.304825,0.215887,0.159791,0.12731,-999,-999,-999,-999,-999
CFA3S,17.5979,16.8585,16.3508,15.9369,17.1443,16.6012,16.3916,16.3239,311.855,0.269474,0.330846,0.257178,0.194483,0.14075,0.297198,0.210887,0.155791,0.12431,-999,-999,-999,-999,-999
CFA3S,15.8629,15.2755,14.8518,14.4809,15.4937,15.0826,14.9274,14.8887,311.842,0.358533,0.358083,0.278796,0.210455,0.152625,0.322266,0.228606,0.169531,0.134611,-999,-999,-999,-999,-999
CFA3S,16.754,16.0429,15.5599,15.183,16.3062,15.7944,15.6134,15.5651,311.84,0.250069,0.340465,0.264425,0.199483,0.145625,0.305825,0.216746,0.160791,0.127611,4227964814046722816,16.6695,16.0452,15.7441,15.587
CFA3S,16.8079,16.0212,15.4882,15.0793,16.3301,15.7495,15.5468,15.4729,311.825,0.342352,0.360702,0.28092,0.212441,0.15375,0.32508,0.230606,0.170531,0.135911,-999,-999,-999,-999,-999
CFA3S,16.5952,15.8885,15.3961,15.0032,16.1709,15.6695,15.4708,15.4169,311.803,0.387494,0.353465,0.275672,0.207469,0.150625,0.318453,0.225746,0.167531,0.132611,-999,-999,-999,-999,-999
CFA3S,18.2003,17.5412,17.0992,16.7283,17.7737,17.3222,17.1647,17.109,311.78,0.244098,0.336846,0.262301,0.198469,0.143625,0.303011,0.214887,0.158791,0.12631,-999,-999,-999,-999,-999
CFA3S,15.8129,15.1972,14.7562,14.3906,15.4058,14.973,14.8039,14.7609,311.758,0.23683,0.343083,0.267425,0.201469,0.146625,0.308825,0.218746,0.161791,0.128611,4228011474571442816,15.708,15.1852,14.9261,14.7817
CFA3S,17.495,16.8289,16.3589,15.9543,17.0862,16.5943,16.3995,16.3282,311.757,0.324511,0.369702,0.288044,0.217427,0.157625,0.332894,0.236465,0.174531,0.138911,-999,-999,-999,-999,-999
CFA3S,18.0256,17.4029,16.9609,16.5706,17.6237,17.174,17.0045,16.9614,311.747,0.303998,0.371702,0.289044,0.218427,0.158625,0.333894,0.237465,0.175531,0.139212,-999,-999,-999,-999,-999
CFA3S,17.1146,16.1925,15.5375,15.0182,16.5714,15.8065,15.4939,15.3501,311.74,0.321144,0.371702,0.289044,0.218427,0.158625,0.333894,0.237465,0.175531,0.139212,-999,-999,-999,-999,-999
CFA3S,16.6671,15.9924,15.5073,15.0816,16.2668,15.769,15.5527,15.4924,133.599,-7.25041,0.123567,0.0957225,0.0728043,0.052875,0.110903,0.0782958,0.0582203,0.0464039,-999,-999,-999,-999,-999
CFA3S,16.9635,16.1695,15.6166,15.1816,16.484,15.8738,15.6526,15.579,133.589,-7.17555,0.131186,0.101846,0.0768043,0.055875,0.117716,0.0841549,0.0620904,0.0494039,5757148440447628544,16.905,16.1899,15.8175,15.6235
CFA3S,15.632,15.186,14.8646,14.5676,15.3563,15.0745,14.9926,15.0037,133.583,-7.15349,0.130186,0.101722,0.0767903,0.055875,0.116902,0.0831549,0.0612203,0.0487044,-999,-999,-999,-999,-999
CFA3S,17.6285,16.8365,16.2876,15.842,17.1678,16.5413,16.3076,16.2257,133.578,-7.17931,0.131186,0.101846,0.0768043,0.055875,0.117716,0.0841549,0.0620904,0.0494039,5757054599705943040,17.5713,16.8696,16.4924,16.2807
CFA3S,16.8855,16.177,15.6986,15.296,16.4111,15.9133,15.728,15.6762,133.574,-7.11737,0.128567,0.100723,0.0758043,0.054875,0.115902,0.0821549,0.0610904,0.0484039,-999,-999,-999,-999,-999
CFA3S,16.7035,16.201,15.8346,15.4995,16.3846,16.0243,15.9224,15.9132,133.565,-7.11289,0.129186,0.100723,0.0758043,0.054875,0.115902,0.0821549,0.0610904,0.0484039,-999,-999,-999,-999,-999
CFA3S,15.7665,15.146,14.7341,14.3826,15.375,14.9421,14.7933,14.7797,133.537,-7.2679,0.122567,0.0955987,0.0718183,0.052875,0.110089,0.0781549,0.0582203,0.0464039,-999,-999,-999,-999,-999
CFA3S,17.7075,16.993,16.4911,16.0736,17.226,16.7038,16.5009,16.4465,133.521,-7.19444,0.133567,0.10397,0.0787903,0.056875,0.12053,0.0851549,0.0630904,0.0504039,-999,-999,-999,-999,-999
CFA3S,18.3275,17.7645,17.3606,16.9526,17.9691,17.5431,17.3852,17.3485,133.512,-7.13619,0.132186,0.10297,0.0778043,0.056875,0.11953,0.0841549,0.0630904,0.0497044,-999,-999,-999,-999,-999
CFA3S,16.7595,16.2425,15.8741,15.5491,16.4277,16.0736,15.9679,15.9586,133.512,-7.12221,0.132186,0.10297,0.0778043,0.056875,0.11953,0.0841549,0.0630904,0.0497044,-999,-999,-999,-999,-999
CFA3S,17.382,16.661,16.1536,15.7526,17.0187,16.4211,16.1804,16.0882,133.502,-7.19517,0.134186,0.104846,0.0787903,0.05775,0.120716,0.0860141,0.0632203,0.0504039,5757054397843745152,17.4135,16.7211,16.3573,16.1451
CFA3S,16.1265,15.6055,15.2401,14.9146,15.8132,15.4474,15.3351,15.3094,133.499,-7.16614,0.135186,0.105846,0.0797903,0.057875,0.121716,0.0870141,0.0640904,0.0507044,-999,-999,-999,-999,-999
CFA3S,16.988,16.277,15.8121,15.4475,16.5407,16.0253,15.8495,15.8065,133.452,-7.2201,0.126567,0.0987225,0.0738183,0.053875,0.113902,0.0811549,0.0600904,0.0474039,-999,-999,-999,-999,-999
CFA3S,17.131,16.543,16.1326,15.792,16.7422,16.3421,16.2009,16.1639,133.429,-7.22635,0.126567,0.0987225,0.0748043,0.053875,0.113902,0.0811549,0.0600904,0.0474039,-999,-999,-999,-999,-999
CFA3S,17.6957,16.9381,16.4212,16.0032,17.2577,16.7027,16.4762,16.3994,34.6952,37.3954,0.155804,0.121341,0.0917624,0.06675,0.139971,0.0998732,0.0739605,0.0587044,-999,-999,-999,-999,-999
CFA3S,16.9564,16.3503,15.9102,15.5352,16.629,16.1893,16.002,15.9339,34.6927,37.4316,0.154804,0.120465,0.0907624,0.065875,0.139785,0.0990141,0.0729605,0.0580049,-999,-999,-999,-999,-999
CFA3S,18.2942,17.5896,17.076,16.6427,17.8958,17.3807,17.1347,17.0526,34.6883,37.4046,0.155423,0.121341,0.0917624,0.06675,0.139971,0.0990141,0.0739605,0.0580049,-999,-999,-999,-999,-999
CFA3S,18.1233,17.5674,17.148,16.803,17.7761,17.3882,17.2352,17.168,34.6833,37.5122,0.152423,0.118341,0.0897624,0.064875,0.136971,0.0970141,0.0719605,0.0570049,-999,-999,-999,-999,-999
CFA3S,17.7115,17.0101,16.558,16.2117,17.2443,16.7708,16.5893,16.528,34.6757,37.3856,0.155804,0.121341,0.0917624,0.06675,0.139971,0.0998732,0.0739605,0.0587044,-999,-999,-999,-999,-999
CFA3S,15.6895,15.0831,14.6715,14.3255,15.32,14.9095,14.7724,14.741,34.6655,37.4931,0.152804,0.119218,0.0897624,0.064875,0.137157,0.0978732,0.0719605,0.0570049,331271484673678464,15.6088,15.105,14.8638,14.7534
CFA3S,17.9563,17.4504,17.0733,16.7183,17.65,17.2917,17.1617,17.1137,34.6566,37.4385,0.155804,0.121465,0.0917624,0.066875,0.140785,0.0998732,0.0739605,0.0590049,-999,-999,-999,-999,-999
CFA3S,16.6428,16.0084,15.5585,15.185,16.2613,15.7948,15.6272,15.5755,34.6308,37.4678,0.154804,0.120341,0.0907624,0.065875,0.138971,0.0988732,0.0729605,0.0580049,-999,-999,-999,-999,-999
CFA3S,16.4782,15.9251,15.5152,15.1714,16.1407,15.7614,15.6175,15.5909,34.6281,37.5539,0.153423,0.119341,0.0897624,0.06575,0.137971,0.0980141,0.0720904,0.0577044,331276260677302016,16.4022,15.9409,15.7189,15.6058
CFA3S,15.5793,15.1001,14.7477,14.4307,15.2582,14.968,14.8527,14.8484,34.6279,37.3913,0.158804,0.123465,0.0937484,0.067875,0.142785,0.101014,0.0749605,0.0600049,331269766686780032,15.4775,15.0959,14.93,14.8491
CFA3S,16.3963,15.4824,14.8388,14.3455,15.8699,15.1255,14.8306,14.7045,34.6269,37.543,0.154804,0.120341,0.0907624,0.065875,0.138971,0.0990141,0.0729605,0.0580049,-999,-999,-999,-999,-999
CFA3S,17.2301,16.3359,15.702,15.211,16.6953,15.9666,15.6746,15.5629,34.6228,37.3986,0.157804,0.123341,0.0927624,0.06775,0.141971,0.100873,0.0749605,0.0590049,331269972845207808,17.1413,16.3541,15.8798,15.6306
CFA3S,16.3148,15.3666,14.75,14.2375,15.7527,15.0387,14.7246,14.5767,34.6177,37.5095,0.156423,0.122341,0.0917624,0.066875,0.140971,0.100014,0.0739605,0.0590049,331271793911321856,16.2447,15.3913,14.9356,14.6504
CFA3S,16.4062,15.4896,14.8475,14.363,15.8617,15.1306,14.8266,14.7257,34.5758,37.5,0.157423,0.122465,0.0927624,0.066875,0.141785,0.100873,0.0748305,0.0590049,331274233452748544,16.3131,15.5279,15.0368,14.7771
CFA3S,18.4795,17.9478,17.5687,17.2437,18.162,17.7937,17.6662,17.635,34.5674,37.5318,0.156804,0.122341,0.0927484,0.066875,0.140971,0.100014,0.0739605,0.0590049,-999,-999,-999,-999,-999
CFA3S,16.7895,16.2779,15.9065,15.579,16.4631,16.1298,15.9928,15.9867,34.5507,37.4775,0.158423,0.123465,0.0927624,0.06775,0.142785,0.101014,0.0749605,0.0590049,331274096013799040,16.7017,16.2884,16.0948,15.9921
CFA3S,17.633,17.0731,16.688,16.3532,17.2657,16.9003,16.7671,16.7566,34.5398,37.4028,0.159423,0.124465,0.0937624,0.067875,0.143785,0.101873,0.0758305,0.0600049,331265020745109504,17.5357,17.0727,16.8683,16.7511
CFA3S,16.1962,15.6988,15.3389,15.0218,15.8872,15.5678,15.4405,15.4316,34.4905,37.4872,0.158423,0.123465,0.0927624,0.06775,0.142785,0.101014,0.0749605,0.0590049,331268529736183168,16.1221,15.7181,15.531,15.4352
CFA3S,16.3546,15.8155,15.426,15.1208,15.9902,15.6307,15.5034,15.4925,34.4835,37.4104,0.161423,0.125465,0.0947484,0.068875,0.144785,0.102873,0.0759605,0.0603054,331267636383002240,16.2609,15.8005,15.5945,15.4996
CFA3S,18.5923,17.9189,17.6068,17.2483,18.0985,17.7064,17.5475,17.5256,34.4777,37.4267,0.160423,0.124465,0.0937624,0.06875,0.143785,0.102014,0.0759605,0.0600049,-999,-999,-999,-999,-999
CFA3S,16.8228,16.1869,15.7367,15.3623,16.4468,15.9754,15.8153,15.7632,34.4714,37.5562,0.154423,0.120341,0.0907624,0.065875,0.138971,0.0988732,0.0729605,0.0580049,-999,-999,-999,-999,-999
CFA3S,18.3568,17.8299,17.4538,17.1263,18.0304,17.6597,17.5223,17.5042,34.4648,37.4167,0.160423,0.124465,0.0937624,0.06875,0.143785,0.102014,0.0759605,0.0600049,-999,-999,-999,-999,-999
CFA3S,18.1125,17.4272,16.9423,16.4825,17.7309,17.2288,16.9898,16.88,1.78013,8.57694,0.491269,0.382642,0.288245,0.2095,0.441983,0.313761,0.231751,0.184315,-999,-999,-999,-999,-999
CFA3S,17.952,17.0227,16.3688,15.879,17.4433,16.6595,16.3789,16.2571,1.7669,8.55327,0.483651,0.376519,0.284259,0.2065,0.435169,0.308761,0.228751,0.181315,2752084240049184384,17.9775,17.0923,16.5949,16.3327
CFA3S,18.541,17.9457,17.4304,17.015,18.1973,17.698,17.4851,17.4179,1.74372,8.62778,0.382321,0.297291,0.224413,0.1635,0.343521,0.244465,0.180531,0.143212,-999,-999,-999,-999,-999
CFA3S,17.844,16.9922,16.3924,15.896,17.339,16.6721,16.3696,16.2348,1.70282,8.60574,0.374702,0.292044,0.220427,0.159625,0.336894,0.239465,0.177401,0.140911,2752085614438716672,17.7904,17.0363,16.5948,16.3168
CFA3S,16.9215,16.0562,15.4658,15.017,16.4122,15.7402,15.4884,15.3936,1.6732,8.6887,0.361083,0.281796,0.212441,0.154625,0.325266,0.230606,0.170661,0.135911,2752837164996118656,16.8634,16.0976,15.6789,15.4469
CFA3S,17.9345,17.1727,16.6618,16.2605,17.4738,16.9258,16.7088,16.6363,1.65903,8.56137,0.373321,0.291044,0.219427,0.159625,0.335894,0.238465,0.176531,0.140212,2752083724653107072,17.8522,17.2203,16.8761,16.6776
CFA3S,17.6364,17.0817,16.7005,16.3439,17.3041,16.9297,16.7973,16.7788,20.3954,40.4813,0.19466,0.151207,0.114692,0.082875,0.174668,0.124592,0.0917006,0.0729064,371800273545429120,17.5828,17.1192,16.9039,16.7896
CFA3S,17.7627,17.0305,16.5378,16.1059,17.3184,16.7788,16.5639,16.4976,20.3642,40.5477,0.18266,0.14196,0.10772,0.077875,0.16404,0.116732,0.0867006,0.0686059,371801407416782336,17.685,17.0413,16.7284,16.5372
CFA3S,17.6112,16.7391,16.1161,15.6303,17.0898,16.378,16.1128,16.0099,20.356,40.4336,0.18866,0.147084,0.110706,0.08075,0.169854,0.120732,0.0888305,0.0706059,371798418119564032,17.5628,16.7763,16.3113,16.0753
CFA3S,18.3261,17.85,17.443,17.0847,18.0125,17.6837,17.5692,17.5612,20.3516,40.4435,0.18866,0.147084,0.110706,0.08075,0.169854,0.120732,0.0888305,0.0706059,-999,-999,-999,-999,-999
CFA3S,18.3552,17.7915,17.3833,17.0129,18.0202,17.6189,17.4884,17.4672,20.3422,40.5678,0.178042,0.138836,0.10472,0.075875,0.160226,0.113873,0.0838305,0.0673054,-999,-999,-999,-999,-999
CFA3S,16.9564,16.089,15.462,15.0026,16.3849,15.6658,15.4087,15.3108,20.3338,40.5274,0.18866,0.147084,0.110706,0.08075,0.169854,0.120732,0.0888305,0.0706059,371801269977832064,16.807,16.0403,15.5916,15.3593
CFA3S,17.7587,16.961,16.3763,15.9217,17.2974,16.6472,16.3953,16.3055,20.3169,40.5147,0.18366,0.14296,0.10772,0.07875,0.16504,0.117732,0.0868305,0.0693054,371801304336655360,17.7057,16.99,16.58,16.3463
CFA3S,18.1984,17.7195,17.374,17.0421,17.878,17.5774,17.4542,17.4347,20.2466,40.4198,0.182042,0.14196,0.10672,0.077875,0.16404,0.116732,0.0858305,0.0686059,-999,-999,-999,-999,-999
CFA3S,17.8609,17.3362,16.9406,16.5843,17.5065,17.1329,17.0172,16.9722,99.4118,49.8675,0.411558,0.32091,0.242357,0.175625,0.37059,0.263183,0.194271,0.154813,-999,-999,-999,-999,-999
CFA3S,17.0346,16.1709,15.588,15.0938,16.4916,15.8343,15.552,15.4291,99.3796,49.841,0.412558,0.32191,0.242371,0.1765,0.37159,0.263324,0.195271,0.154813,967917888572450816,16.943,16.1685,15.7634,15.5009
CFA3S,18.3039,17.5159,16.9875,16.5778,17.8059,17.2174,17.0104,16.9308,99.2662,49.9075,0.411558,0.32091,0.242357,0.175625,0.37059,0.263183,0.194271,0.154813,-999,-999,-999,-999,-999
CFA3S,15.7624,15.1859,14.7748,14.4173,15.3965,14.9928,14.8529,14.8204,99.266,49.8946,0.411558,0.32091,0.242357,0.175625,0.37059,0.263183,0.194271,0.154813,967918885004869504,15.6743,15.1908,14.9589,14.8292
CFA3S,17.0789,16.2972,15.7621,15.3418,16.5956,16.0168,15.786,15.7081,99.2314,49.9242,0.404939,0.315786,0.238371,0.172625,0.364776,0.258324,0.191271,0.151813,967919262961992192,17.001,16.3072,15.9509,15.7522
CFA3S,16.4052,15.6281,15.0738,14.6459,15.9403,15.3243,15.1092,15.023,144.765,-4.87531,0.19766,0.154207,0.116692,0.08475,0.177668,0.126592,0.0937006,0.0746059,-999,-999,-999,-999,-999
CFA3S,16.7284,15.9699,15.4398,15.0323,16.2709,15.6784,15.4988,15.421,144.751,-4.8488,0.221897,0.172826,0.130665,0.09475,0.199736,0.141592,0.105441,0.0832069,-999,-999,-999,-999,-999
CFA3S,17.2022,16.5635,16.131,15.8035,16.7523,16.3008,16.1675,16.1086,144.703,-4.82401,0.226516,0.17595,0.132651,0.09675,0.20355,0.144451,0.106571,0.0852069,-999,-999,-999,-999,-999
CFA3S,18.1231,17.5106,17.0619,16.6918,17.7439,17.2919,17.1523,17.0976,233.177,68.2025,0.0989487,0.0771037,0.0578462,0.042,0.0888338,0.0632958,0.0463503,0.0371034,-999,-999,-999,-999,-999
CFA3S,17.5667,16.8412,16.3461,15.9284,17.1133,16.572,16.398,16.3138,233.153,68.1885,0.10033,0.0782275,0.0588462,0.042875,0.0906475,0.0642958,0.0473503,0.037803,1645711487916822016,17.4745,16.8554,16.5321,16.3659
CFA3S,18.1217,17.7789,17.4327,17.2274,18.1701,17.776,17.6161,17.5682,260.764,62.1802,0.101949,0.0792275,0.0598462,0.043875,0.0916475,0.0652958,0.0483503,0.0381034,-999,-999,-999,-999,-999
CFA3S,16.9473,16.3571,15.9591,15.6901,16.4683,16.0877,15.9467,15.9165,260.755,62.1973,0.101949,0.0792275,0.0598462,0.043875,0.0916475,0.0652958,0.0483503,0.0381034,1440033750448956160,16.7591,16.2782,16.051,15.939
CFA3S,17.2541,16.7118,16.314,15.9613,16.9059,16.5373,16.3899,16.3546,260.748,62.2187,0.10033,0.0782275,0.0588462,0.042875,0.0906475,0.0642958,0.0473503,0.037803,-999,-999,-999,-999,-999
CFA3S,15.9887,15.4705,15.1005,14.7803,15.6563,15.322,15.2064,15.1894,260.721,62.2284,0.10033,0.0782275,0.0588462,0.042875,0.0906475,0.0642958,0.0473503,0.037803,1440044298888637312,15.8995,15.4678,15.2814,15.1928
CFA3S,17.3093,16.5313,15.9963,15.5633,16.8142,16.2388,16.002,15.8977,260.681,62.1921,0.107949,0.0843513,0.0638323,0.045875,0.0974612,0.0692958,0.0512203,0.0401034,-999,-999,-999,-999,-999
CFA3S,16.8794,16.0706,15.4866,15.0139,16.4005,15.7591,15.4742,15.3493,260.654,62.2503,0.0953301,0.0741037,0.0558602,0.040875,0.0858338,0.0612958,0.0453503,0.035803,-999,-999,-999,-999,-999
CFA3S,15.5468,14.9978,14.6038,14.2811,15.2146,14.8151,14.6765,14.6506,260.645,62.1387,0.100949,0.0782275,0.0598323,0.042875,0.0906475,0.0642958,0.0473503,0.037803,1440031276547787776,15.4339,14.9887,14.7742,14.6673
CFA3S,18.6909,18.0374,17.53,17.1255,18.2834,17.7931,17.56,17.4624,146.79,16.123,0.159804,0.124465,0.0937624,0.067875,0.143785,0.102014,0.0758305,0.0600049,-999,-999,-999,-999,-999
CFA3S,16.7391,16.1469,15.7155,15.3475,16.3789,15.9587,15.7875,15.7581,146.762,16.0916,0.166042,0.129589,0.0977484,0.070875,0.149599,0.105873,0.0788305,0.0623054,619516669869715840,16.6497,16.2119,15.9757,15.8471
CFA3S,17.5029,16.9719,16.575,16.2715,17.1504,16.7985,16.6504,16.6387,146.758,16.0305,0.157423,0.122465,0.0927484,0.066875,0.141785,0.100014,0.0739605,0.0590049,-999,-999,-999,-999,-999
CFA3S,16.208,15.6762,15.307,14.9963,15.8645,15.5174,15.4177,15.4167,146.744,16.1179,0.164423,0.127589,0.0967484,0.069875,0.147599,0.104873,0.0778305,0.0620049,-999,-999,-999,-999,-999
CFA3S,17.3729,16.7407,16.279,15.8946,16.971,16.5093,16.3231,16.2909,146.698,16.1074,0.169042,0.131713,0.0997344,0.071875,0.152413,0.107873,0.0798305,0.0633054,619516876028146944,17.2982,16.7501,16.4752,16.3114
CFA3S,16.9274,16.3224,15.897,15.537,16.5503,16.1227,15.9448,15.9296,146.688,16.0439,0.169423,0.131713,0.0997344,0.07275,0.152413,0.107873,0.0799605,0.0633054,-999,-999,-999,-999,-999
CFA3S,17.0146,16.2804,15.7777,15.3625,16.5697,16.0111,15.8018,15.7357,146.651,16.0374,0.160423,0.124465,0.0937624,0.06875,0.143785,0.102014,0.0759605,0.0600049,-999,-999,-999,-999,-999
CFA3S,16.9464,16.2341,15.7308,15.3261,16.5084,15.9738,15.7827,15.7244,142.124,27.515,0.0807115,0.0627325,0.0468882,0.034,0.0723925,0.0514366,0.0383503,0.0305025,-999,-999,-999,-999,-999
CFA3S,18.0805,17.5678,17.1598,16.8105,17.7575,17.3819,17.2324,17.168,142.014,27.5186,0.0797115,0.0617325,0.0468742,0.033875,0.0713925,0.0505775,0.0374802,0.0295025,-999,-999,-999,-999,-999
CFA3S,18.3739,17.9612,17.6577,17.3396,18.1199,17.8701,17.8057,17.8072,195.304,39.818,0.0488558,0.0381138,0.0289161,0.021,0.0443238,0.0315775,0.0227401,0.018202,-999,-999,-999,-999,-999
CFA3S,16.9003,16.0506,15.4507,14.9813,16.3994,15.7064,15.4567,15.3635,195.287,39.892,0.0484744,0.03799,0.0289161,0.020875,0.04351,0.0307183,0.0227401,0.0179015,1523894842329945216,16.8114,16.0698,15.6317,15.4066
CFA3S,16.0099,15.3599,14.919,14.5413,15.6057,15.1521,15.0035,14.9637,195.26,39.924,0.0498558,0.0391138,0.0289301,0.021,0.0453238,0.0317183,0.0236102,0.0189015,1523895838761825920,15.9306,15.3764,15.109,14.9769
CFA3S,17.2205,16.5392,16.056,15.6506,16.7912,16.2797,16.0995,16.0442,195.184,39.8532,0.0574744,0.0443612,0.0339161,0.024875,0.0519512,0.0365775,0.0276102,0.021202,1523893674098306816,17.1231,16.5492,16.2379,16.0742
CFA3S,17.3646,16.8395,16.4393,16.1015,17.0435,16.6692,16.5165,16.4895,153.61,3.47623,0.109949,0.0853513,0.0648323,0.046875,0.0984613,0.0702958,0.0522203,0.0411034,-999,-999,-999,-999,-999
CFA3S,17.797,17.078,16.5722,16.1425,17.3375,16.8063,16.5856,16.5051,153.579,3.53765,0.108949,0.0853513,0.0638323,0.046875,0.0984613,0.0692958,0.0513503,0.0411034,-999,-999,-999,-999,-999
CFA3S,17.1745,16.635,16.2413,15.9015,16.8206,16.4551,16.3243,16.2836,153.576,3.54167,0.108949,0.0843513,0.0638323,0.046,0.0974612,0.0692958,0.0512203,0.0411034,-999,-999,-999,-999,-999
CFA3S,16.5341,15.88,15.4037,15.0345,16.1517,15.645,15.468,15.4036,153.566,3.43342,0.107949,0.0843513,0.0638323,0.046,0.0974612,0.0692958,0.0512203,0.0411034,3859942020072677760,16.4917,15.9085,15.608,15.436
CFA3S,18.0195,17.5645,17.1757,16.8965,17.7152,17.4249,17.2779,17.2828,153.561,3.39503,0.107949,0.0843513,0.0638323,0.045875,0.0974612,0.0692958,0.0512203,0.0401034,-999,-999,-999,-999,-999
CFA3S,17.1866,16.535,16.0668,15.7175,16.7758,16.2847,16.1164,16.072,153.514,3.42626,0.108949,0.0853513,0.0638323,0.046875,0.0984613,0.0701549,0.0513503,0.0411034,-999,-999,-999,-999,-999
CFA3S,17.143,16.686,16.3362,16.054,16.8389,16.56,16.4615,16.4511,153.49,3.50175,0.109949,0.085475,0.0648323,0.046875,0.099275,0.0702958,0.0522203,0.0411034,-999,-999,-999,-999,-999
CFA3S,16.9738,16.4406,16.0463,15.708,16.6134,16.2385,16.1254,16.1105,109.539,9.67681,0.249135,0.194445,0.146623,0.10675,0.224805,0.15931,0.118311,0.0938079,-999,-999,-999,-999,-999
CFA3S,17.3568,16.8236,16.4243,16.064,17.0139,16.6444,16.5246,16.4858,109.536,9.77004,0.250135,0.195321,0.147609,0.10675,0.224991,0.159451,0.118311,0.0938079,-999,-999,-999,-999,-999
CFA3S,17.2828,16.8356,16.5043,16.185,16.9852,16.7129,16.6263,16.6202,109.531,9.77706,0.253753,0.197445,0.148623,0.108625,0.227805,0.16231,0.120311,0.0948079,3156478118459903360,17.207,16.8519,16.6897,16.616
CFA3S,16.4968,16.0266,15.6733,15.315,16.183,15.8791,15.7713,15.765,109.525,9.67932,0.249135,0.194445,0.146623,0.10675,0.224805,0.15931,0.118311,0.0938079,-999,-999,-999,-999,-999
CFA3S,16.4478,15.7846,15.3093,14.894,16.0384,15.5502,15.3549,15.2923,109.52,9.76739,0.250135,0.195321,0.147609,0.10675,0.224991,0.159451,0.118311,0.0938079,3156478019678433920,16.3728,15.7957,15.5113,15.3316
CFA3S,16.9958,16.5436,16.1593,15.831,16.6857,16.3675,16.2557,16.2372,109.515,9.66782,0.253135,0.197445,0.148609,0.10775,0.227805,0.161451,0.119311,0.0948079,-999,-999,-999,-999,-999
CFA3S,16.9658,16.3266,15.8983,15.483,16.5458,16.136,15.959,15.9352,109.477,9.73616,0.244135,0.190321,0.143623,0.10475,0.219991,0.15631,0.115441,0.0918079,-999,-999,-999,-999,-999
CFA3S,17.3788,16.7276,16.2643,15.83,16.956,16.4932,16.278,16.1953,109.476,9.69114,0.249135,0.194321,0.146623,0.10675,0.223991,0.15931,0.118311,0.0938079,-999,-999,-999,-999,-999
CFA3S,16.9428,16.3526,15.9133,15.544,16.553,16.1418,15.9817,15.9409,109.469,9.64193,0.259753,0.202569,0.152609,0.11075,0.233619,0.16631,0.123181,0.0978079,-999,-999,-999,-999,-999
CFA3S,16.1758,15.7146,15.3783,15.057,15.8561,15.5701,15.4905,15.4863,109.467,9.67485,0.249135,0.194321,0.146609,0.10675,0.223991,0.15931,0.117441,0.0938079,-999,-999,-999,-999,-999
CFA3S,16.5658,15.9856,15.6053,15.243,16.1854,15.8039,15.6746,15.6514,109.458,9.68714,0.249135,0.194321,0.146609,0.10675,0.223991,0.15931,0.117441,0.0938079,-999,-999,-999,-999,-999
CFA3S,16.5038,15.8166,15.3383,14.91,16.0765,15.5676,15.3726,15.3025,109.451,9.71807,0.244135,0.190321,0.143623,0.10475,0.219991,0.15631,0.115441,0.0918079,-999,-999,-999,-999,-999
CFA3S,17.2748,16.6746,16.2303,15.873,16.8689,16.4401,16.3045,16.2693,109.451,9.62334,0.267753,0.208816,0.157581,0.114625,0.241246,0.171169,0.126311,0.100808,-999,-999,-999,-999,-999
CFA3S,16.4878,15.7166,15.1953,14.744,16.0178,15.4596,15.2077,15.1318,109.447,9.78166,0.243135,0.189321,0.142637,0.10375,0.218991,0.155451,0.115311,0.0915074,3156103739048958208,16.387,15.7323,15.3881,15.1705
CFA3S,15.7458,15.2536,14.9023,14.577,15.4156,15.112,15.0044,15.0014,109.447,9.71074,0.244135,0.190321,0.143623,0.10475,0.219991,0.15631,0.115441,0.0918079,-999,-999,-999,-999,-999
CFA3S,17.2538,16.7046,16.3033,15.983,16.8866,16.524,16.4088,16.3897,109.437,9.68094,0.250135,0.194445,0.146623,0.10675,0.224805,0.159451,0.118311,0.0938079,3156090235671448704,17.1198,16.6966,16.4837,16.3796
CFA3S,16.8708,16.4116,16.0493,15.705,16.5519,16.2534,16.1581,16.1415,109.406,9.70179,0.245135,0.190321,0.143623,0.10475,0.219991,0.156451,0.115441,0.0918079,-999,-999,-999,-999,-999
CFA3S,17.9119,17.2361,16.7865,16.3824,17.4946,17.0145,16.8275,16.7786,218.705,59.4083,0.0378558,0.0298663,0.0219441,0.016,0.0346962,0.0247183,0.0177401,0.014601,-999,-999,-999,-999,-999
CFA3S,16.9831,16.343,15.8689,15.5308,16.5162,16.073,15.9152,15.8738,218.695,59.3814,0.0378558,0.0298663,0.0219441,0.016,0.0346962,0.0247183,0.0177401,0.014601,-999,-999,-999,-999,-999
CFA3S,17.8373,17.05,16.5131,16.0523,17.3504,16.7593,16.4935,16.3986,218.642,59.3555,0.0362372,0.0278662,0.0209441,0.015875,0.0326963,0.0228592,0.0168701,0.013601,1617933250058454656,17.7602,17.0629,16.6974,16.457
CFA3S,17.3654,16.8058,16.3812,16.0346,16.9993,16.6326,16.461,16.4395,218.638,59.4077,0.0352372,0.0277425,0.0209441,0.015,0.0318825,0.0227183,0.0167401,0.013601,-999,-999,-999,-999,-999
CFA3S,17.4992,16.8801,16.4475,16.0909,17.1053,16.6586,16.5185,16.4874,218.579,59.3819,0.0332372,0.0257425,0.0199441,0.014,0.0298825,0.0208592,0.0157401,0.012601,1617945241607159936,17.4357,16.8909,16.6323,16.5039
CFA3S,17.7292,16.9719,16.3877,15.9283,17.2701,16.6776,16.3993,16.3113,266.136,40.8852,0.141804,0.110094,0.0837763,0.06075,0.127344,0.0901549,0.0670904,0.0534039,-999,-999,-999,-999,-999
CFA3S,15.6716,15.0463,14.6048,14.2567,15.2697,14.8341,14.6771,14.6421,266.116,40.9376,0.135186,0.105846,0.0797903,0.057875,0.121716,0.0861549,0.0640904,0.0507044,1345493892402371968,15.5855,15.0471,14.7904,14.6569
CFA3S,16.7615,16.1589,15.7194,15.3653,16.3756,15.9619,15.7842,15.7534,266.114,40.8539,0.147186,0.114217,0.0867763,0.062875,0.132158,0.0940141,0.0699605,0.0550049,1345492449293351296,16.6711,16.1704,15.922,15.7825
CFA3S,17.7159,17.1463,16.7175,16.3874,17.3382,16.9668,16.7981,16.7756,266.015,40.9305,0.133186,0.103846,0.0787903,0.056875,0.119716,0.0851549,0.0630904,0.0504039,-999,-999,-999,-999,-999
CFA3S,16.9785,16.2209,15.7084,15.3463,16.5084,15.9509,15.7587,15.7081,265.962,40.9729,0.124567,0.0967225,0.0738043,0.052875,0.111903,0.0792958,0.0590904,0.0464039,-999,-999,-999,-999,-999
CFA3S,17.7582,17.0089,16.4721,16.0586,17.2839,16.7224,16.4961,16.4078,265.95,40.9155,0.133186,0.103846,0.0787903,0.056875,0.119716,0.0851549,0.0630904,0.0504039,-999,-999,-999,-999,-999
CFA3S,17.7636,17.3253,16.9751,16.6827,17.5226,17.197,17.086,17.0668,265.947,40.9314,0.127186,0.0987225,0.0748043,0.053875,0.113902,0.0811549,0.0600904,0.0474039,-999,-999,-999,-999,-999
CFA3S,16.6337,16.0236,15.5918,15.237,16.2579,15.8377,15.68,15.6484,288.229,77.8305,0.20066,0.156331,0.117692,0.08575,0.180481,0.127732,0.0947006,0.0756059,2293008036322052992,16.5651,16.0412,15.7929,15.6726
CFA3S,16.4582,15.7656,15.2683,14.866,16.0376,15.528,15.3168,15.2377,288.219,77.8912,0.206897,0.161455,0.121678,0.08875,0.186295,0.131732,0.0977006,0.0779064,2293014530312604288,16.4035,15.7891,15.4753,15.2835
CFA3S,17.9976,17.267,16.7977,16.425,17.5508,17.0333,16.8443,16.7998,288.161,77.9222,0.207279,0.161455,0.121678,0.08875,0.186295,0.132592,0.0977006,0.0779064,-999,-999,-999,-999,-999
CFA3S,18.4927,18.0541,17.7008,17.3896,18.2194,17.9175,17.8195,17.813,288.068,77.9421,0.210279,0.163579,0.123678,0.08975,0.189109,0.134592,0.0995706,0.0789064,-999,-999,-999,-999,-999
CFA3S,16.8077,16.3376,15.9587,15.672,16.4942,16.1654,16.0612,16.0467,288.052,77.9332,0.210279,0.163579,0.123678,0.08975,0.189109,0.134592,0.0995706,0.0789064,2293015561104750208,16.7324,16.3346,16.145,16.0552
CFA3S,17.4407,16.7441,16.2953,-982.256,17.0277,16.5299,16.3388,16.2853,288.039,77.9455,0.210279,0.163579,0.123678,0.08975,0.189109,0.134592,0.0995706,0.0789064,2293015595464488192,17.4019,16.7915,16.4889,16.319
CFA3S,17.1851,16.462,15.9647,15.5489,16.7537,16.2214,15.9988,15.9312,287.931,77.906,0.214897,0.167579,0.126665,0.09175,0.193109,0.137451,0.101571,0.0809064,2293015114428148352,17.128,16.4959,16.1613,15.9729
CFA3S,16.7172,15.8461,15.2367,14.7941,16.1996,15.5044,15.2469,15.1436,287.92,77.879,0.214897,0.167579,0.126665,0.09175,0.193109,0.137592,0.101571,0.0809064,2293009204553148160,16.6481,15.8722,15.4302,15.202
CFA3S,17.071,16.3125,15.7346,15.2618,16.6515,16.0181,15.749,15.6269,10.4988,-9.32708,0.132186,0.102846,0.0777903,0.056875,0.118716,0.0841549,0.0622203,0.0497044,2426017607202009472,17.0477,16.3599,15.9483,15.6872
CFA3S,16.3649,15.8396,15.4452,15.1007,16.0205,15.6678,15.5428,15.5156,10.4396,-9.35397,0.133186,0.103846,0.0778043,0.056875,0.119716,0.0851549,0.0630904,0.0497044,2426016026654029184,16.2785,15.8355,15.6307,15.5199
CFA3S,16.5354,15.9231,15.4817,15.1297,16.1369,15.6966,15.5534,15.5031,10.3813,-9.3612,0.131567,0.102846,0.0777903,0.055875,0.118716,0.0841549,0.0620904,0.0494039,2426016129733215488,16.4455,15.9175,15.6657,15.527
CFA3S,17.7709,16.9671,16.4932,16.1052,17.1958,16.6869,16.4899,16.4193,10.3768,-9.27768,0.129186,0.100846,0.0758043,0.054875,0.116716,0.0821549,0.0610904,0.0484039,2426021833449812096,17.5454,16.9535,16.6398,16.4613
CFA3S,16.0739,15.5341,15.1402,14.8197,15.7161,15.3525,15.2333,15.2073,10.3745,-9.36532,0.128567,0.0998462,0.0758043,0.054875,0.115716,0.0821549,0.0610904,0.0484039,2426016129733215616,15.9808,15.5305,15.3248,15.2159
CFA3S,16.0821,15.5302,15.105,14.709,15.7674,15.3638,15.1983,15.139,1.53171,27.5151,0.242135,0.188321,0.142623,0.10375,0.217991,0.154451,0.114441,0.0908079,2854025494978219904,16.04,15.5553,15.313,15.1647
CFA3S,17.1241,16.4892,16.043,15.607,16.7534,16.2928,16.1088,16.0426,1.5216,27.4481,0.236135,0.184074,0.138637,0.10075,0.212364,0.150451,0.111441,0.0885074,2854018588670796160,17.063,16.5303,16.2441,16.0771
CFA3S,18.7661,18.2402,17.783,17.394,18.3985,18.0081,17.8444,17.7981,1.46206,27.546,0.257135,0.200569,0.151595,0.10975,0.231619,0.16431,0.121311,0.0968079,-999,-999,-999,-999,-999
CFA3S,16.6671,15.8892,15.328,14.853,16.2181,15.5923,15.3429,15.2322,1.41263,27.5298,0.265753,0.206816,0.156581,0.11375,0.239246,0.16931,0.125311,0.100108,2854023021077038336,16.62,15.9245,15.5289,15.2953
CFA3S,15.7121,15.1792,14.764,14.515,15.2817,14.9037,14.7397,14.6954,1.35646,27.3834,0.255135,0.198569,0.149609,0.10875,0.229619,0.16331,0.120311,0.0958079,2854017111202045824,15.512,15.0937,14.8653,14.7157
CFA3S,17.0811,16.4772,16.058,15.661,16.7202,16.2893,16.1214,16.0643,1.35315,27.4954,0.264372,0.205693,0.155595,0.11275,0.237432,0.16831,0.125181,0.0991084,2854021749766719488,17.0226,16.507,16.2451,16.093
CFA3S,16.8293,16.2171,15.7913,15.4145,16.4653,16.0461,15.8644,15.8195,42.5476,12.9376,0.501888,0.39089,0.295231,0.2145,0.45161,0.32062,0.237621,0.188616,31689372517292160,16.7744,16.2574,15.9915,15.8447
CFA3S,18.4844,17.7726,17.2226,16.7655,18.0497,17.4987,17.2532,17.1725,42.5254,12.9082,0.499888,0.389766,0.294231,0.2135,0.449796,0.31962,0.236621,0.187616,-999,-999,-999,-999,-999
CFA3S,18.1409,17.6041,17.1766,16.808,17.8099,17.4202,17.259,17.2187,42.5027,12.9097,0.505888,0.394014,0.297217,0.2155,0.455424,0.322761,0.238621,0.189616,-999,-999,-999,-999,-999
CFA3S,17.5954,16.8526,16.324,15.855,17.1761,16.5933,16.3346,16.24,42.48,12.915,0.530125,0.413509,0.312175,0.2265,0.477679,0.338479,0.250492,0.199217,31641990438004608,17.5739,16.9086,16.5312,16.2943
CFA3S,18.4853,17.7521,17.2745,16.8694,18.0161,17.4991,17.2771,17.1962,42.4609,12.8037,0.510506,0.397137,0.300217,0.2175,0.459237,0.32562,0.241492,0.191616,-999,-999,-999,-999,-999
CFA3S,17.0304,16.4835,16.1055,15.7838,16.6535,16.2987,16.1716,16.1508,146.699,30.5965,0.0620929,0.0483613,0.0359161,0.026,0.0559513,0.0395775,0.0294802,0.023202,-999,-999,-999,-999,-999
CFA3S,17.3594,16.492,15.8998,15.4172,16.8368,16.1718,15.8664,15.7407,146.643,30.7033,0.0730929,0.0566087,0.0428882,0.031,0.0655788,0.0465775,0.0344802,0.0275025,-999,-999,-999,-999,-999
CFA3S,17.1264,16.432,15.9378,15.5222,16.7146,16.1778,15.9669,15.8795,146.596,30.7252,0.0680929,0.052485,0.0399022,0.028875,0.060765,0.0435775,0.0324802,0.025202,792695210147976832,17.0676,16.4579,16.1326,15.9268
CFA3S,16.9509,16.21,15.6875,15.2857,16.4936,15.9257,15.7157,15.6327,146.592,30.6471,0.0700929,0.054485,0.0409022,0.029875,0.062765,0.0445775,0.0334802,0.026202,-999,-999,-999,-999,-999
CFA3S,17.2234,16.433,15.8598,15.4272,16.7514,16.116,15.8816,15.7996,146.583,30.71,0.0707115,0.0546087,0.0418882,0.03,0.0635788,0.0454366,0.0334802,0.0265025,-999,-999,-999,-999,-999
CFA3S,16.2313,15.6003,15.1188,14.7633,15.8542,15.3759,15.1844,15.1301,215.978,-19.4728,0.364702,0.28392,0.214441,0.155625,0.32808,0.232606,0.172531,0.136911,-999,-999,-999,-999,-999
CFA3S,16.8133,16.0053,15.4368,15.0303,16.3417,15.7081,15.467,15.3657,215.963,-19.3819,0.351465,0.273672,0.206469,0.14975,0.316453,0.224606,0.166531,0.131911,-999,-999,-999,-999,-999
CFA3S,16.4223,15.8483,15.4138,15.0623,16.0879,15.6633,15.4955,15.4545,215.929,-19.359,0.343465,0.267549,0.202469,0.146625,0.309639,0.219746,0.162661,0.12931,-999,-999,-999,-999,-999
CFA3S,17.0983,16.4483,15.9758,15.6333,16.6955,16.2255,16.0644,16.0094,215.929,-19.4154,0.344465,0.268425,0.202469,0.14675,0.309825,0.219746,0.162661,0.129611,-999,-999,-999,-999,-999
CFA3S,16.7653,16.1583,15.7248,15.3783,16.3866,15.9742,15.7969,15.7667,215.907,-19.437,0.337465,0.263301,0.198483,0.14375,0.304011,0.215746,0.159661,0.126611,-999,-999,-999,-999,-999
CFA3S,16.8773,16.0553,15.4558,15.0393,16.4255,15.7745,15.5255,15.445,215.861,-19.3747,0.340465,0.265425,0.200469,0.145625,0.306825,0.217746,0.160791,0.127611,-999,-999,-999,-999,-999
CFA3S,18.1923,17.7383,17.3888,17.0563,17.8873,17.5812,17.4572,17.4179,215.861,-19.4523,0.329846,0.257178,0.194483,0.14075,0.297198,0.210746,0.155791,0.12431,-999,-999,-999,-999,-999
CFA3S,17.2213,16.6943,16.2418,15.9473,16.8971,16.5129,16.3502,16.3032,215.839,-19.3584,0.340465,0.265425,0.200469,0.145625,0.306825,0.217746,0.160791,0.127611,-999,-999,-999,-999,-999
CFA3S,16.2923,15.7283,15.2958,14.9723,15.9257,15.5373,15.3849,15.3494,215.833,-19.4414,0.331465,0.258178,0.194497,0.141625,0.298198,0.211746,0.156791,0.12431,-999,-999,-999,-999,-999
CFA3S,17.2513,16.3793,15.7668,15.3163,16.7281,16.0504,15.7364,15.6096,215.827,-19.4839,0.335465,0.261301,0.197483,0.143625,0.302011,0.214746,0.158791,0.12631,-999,-999,-999,-999,-999
CFA3S,18.1386,17.6788,17.3273,16.9808,17.853,17.5271,17.4297,17.4203,156.832,16.0397,0.113567,0.088475,0.0668183,0.048875,0.102275,0.0722958,0.0533503,0.0431034,-999,-999,-999,-999,-999
CFA3S,16.9836,16.4588,16.0863,15.7688,16.6339,16.306,16.1759,16.1563,156.806,15.9979,0.111949,0.087475,0.0658323,0.047875,0.101275,0.0712958,0.0532203,0.0421034,-999,-999,-999,-999,-999
CFA3S,18.7206,18.2068,17.7933,17.4998,18.394,18.0272,17.8922,17.8424,156.779,16.0652,0.115949,0.090475,0.0678323,0.049875,0.104275,0.0741549,0.0552203,0.0434039,-999,-999,-999,-999,-999
CFA3S,17.7226,16.8808,16.3033,15.8838,17.227,16.5583,16.3283,16.2556,156.717,16.072,0.110949,0.086475,0.0658183,0.047875,0.100275,0.0712958,0.0523503,0.0421034,3889267159121535744,17.6724,16.9165,16.4985,16.289
CFA3S,17.4536,16.5588,15.8993,15.4468,16.9094,16.1661,15.8885,15.7678,156.691,15.9665,0.0973301,0.0761037,0.0568602,0.041875,0.0878338,0.0622958,0.0463503,0.036803,-999,-999,-999,-999,-999
CFA3S,17.1873,16.6405,16.2279,15.9077,16.8369,16.469,16.3383,16.3077,151.494,10.33,0.125567,0.0977225,0.0738043,0.053875,0.112903,0.0801549,0.0592203,0.0474039,-999,-999,-999,-999,-999
CFA3S,18.5083,17.9725,17.6289,17.3717,18.1651,17.8053,17.6921,17.6687,151.425,10.214,0.126567,0.0987225,0.0748043,0.053875,0.113902,0.0811549,0.0600904,0.0474039,-999,-999,-999,-999,-999
CFA3S,17.6991,17.2524,16.9354,16.6135,17.4502,17.1217,16.9851,16.9499,171.446,22.8381,0.0544744,0.0421137,0.0319161,0.023,0.0483237,0.0345775,0.0256102,0.020202,-999,-999,-999,-999,-999
CFA3S,18.1931,17.8434,17.6194,17.7945,18.5575,18.2037,18.1106,18.0925,171.445,22.8439,0.0544744,0.0421137,0.0319161,0.023,0.0483237,0.0345775,0.0256102,0.020202,-999,-999,-999,-999,-999
CFA3S,17.5781,16.8504,16.3074,15.8705,17.1238,16.5239,16.334,16.2107,171.392,22.8379,0.0544744,0.0422375,0.0319161,0.023,0.0491375,0.0347183,0.0256102,0.020202,-999,-999,-999,-999,-999
CFA3S,16.0528,15.4705,15.0421,14.685,15.6781,15.27,15.1146,15.0889,170.318,21.3604,0.0787115,0.0607325,0.0458882,0.033875,0.0703925,0.0504366,0.0374802,0.0295025,-999,-999,-999,-999,-999
CFA3S,16.2908,15.6435,15.1971,14.843,15.886,15.4219,15.2514,15.2201,170.296,21.413,0.0767115,0.0597325,0.0448882,0.032875,0.0693925,0.0494366,0.0364802,0.0285025,-999,-999,-999,-999,-999
