survey,CFA4P2-B,CFA4P2-V,CFA4P2-r,CFA4P2-i,PS1-g,PS1-r,PS1-i,PS1-z,RA,DEC,CFA4P2-B_AV,CFA4P2-V_AV,CFA4P2-r_AV,CFA4P2-i_AV,PS1-g_AV,PS1-r_AV,PS1-i_AV,PS1-z_AV
CFA4,16.9204,16.2216,15.9866,15.7547,16.4187,15.9295,15.6954,15.5983,44.5563,6.52149,0.6653910256410256,0.52271,0.4281661971830987,0.3142033898305085,0.6072,0.43249295774647895,0.3195819209039548,0.25392118226600985
CFA4,17.1964,16.4898,16.2414,15.9953,16.7081,16.2155,15.9859,15.899,44.5479,6.6066,0.7784935897435897,0.61151,0.5007859154929578,0.36818644067796613,0.7101999999999999,0.5057887323943663,0.3746723163841808,0.2970246305418719
CFA4,16.2039,15.5602,15.3559,15.1353,15.7557,15.2855,15.0786,15.0154,44.5168,6.54705,0.7005544871794872,0.55125,0.4506140845070423,0.33133898305084747,0.64,0.4552112676056339,0.33719209039548026,0.2675221674876847
CFA4,16.4764,15.9471,15.7819,15.6277,16.1482,15.7745,15.643,15.6191,39.6088,-1.26426,0.11010256410256411,0.0868,0.07061971830985916,0.052271186440677964,0.10099999999999999,0.07129577464788733,0.05322033898305085,0.04210344827586207
CFA4,16.3578,15.494,15.1502,14.8838,15.8499,15.1475,14.8916,14.798,39.5825,-1.37461,0.10710256410256411,0.08371,0.06861971830985918,0.050559322033898305,0.09720000000000001,0.06929577464788735,0.051350282485875705,0.04110344827586207
CFA4,15.6717,15.1538,15.0081,14.8753,15.3359,14.9814,14.852,14.8327,39.5231,-1.35239,0.1031025641025641,0.08071,0.06661971830985917,0.04855932203389831,0.0942,0.06729577464788734,0.04935028248587571,0.03910344827586207
CFA4,17.1678,16.642,16.4778,16.3308,16.8375,16.4829,16.361,16.332,39.4848,-1.2432,0.11210256410256411,0.08779999999999999,0.07161971830985916,0.053271186440677964,0.102,0.07229577464788733,0.05422033898305085,0.04310344827586207
CFA4,16.461,15.8435,15.6217,15.3899,16.0861,15.6096,15.4233,15.3492,306.685,2.93796,0.4809615384615385,0.37865,0.3096507042253522,0.22750847457627119,0.439,0.31276056338028174,0.23162146892655366,0.18401477832512314
CFA4,17.6574,16.9421,16.6783,16.4598,17.173,16.6488,16.4712,16.4008,306.684,2.90641,0.47057371794871794,0.36956,0.3026507042253522,0.22208474576271187,0.4292,0.30576056338028174,0.2258813559322034,0.18001477832512316
CFA4,17.491,16.7469,16.4492,16.1632,17.0453,16.4488,16.1837,16.0552,306.675,2.96402,0.4809615384615385,0.37773999999999996,0.3096507042253522,0.22750847457627119,0.4388,0.31276056338028174,0.23162146892655366,0.1833152709359606
CFA4,16.2021,15.5523,15.3347,15.1377,15.7863,15.3214,15.1418,15.0957,306.669,2.87179,0.45918589743589744,0.36038,0.2949267605633803,0.21708474576271186,0.41859999999999997,0.2979014084507043,0.2208813559322034,0.17501477832512316
CFA4,17.2846,16.6558,16.4423,16.2278,16.8947,16.4277,16.2432,16.1715,306.666,2.95013,0.4809615384615385,0.37773999999999996,0.3096507042253522,0.22750847457627119,0.4388,0.31276056338028174,0.23162146892655366,0.1833152709359606
CFA4,17.5317,16.8531,16.615,16.3995,17.0913,16.5977,16.417,16.3429,306.661,2.90707,0.46657371794871794,0.36656,0.2999267605633803,0.22079661016949154,0.4262,0.3029014084507043,0.22475141242937854,0.17801477832512316
CFA4,17.0569,16.3206,16.0496,15.7954,16.5858,16.0259,15.8183,15.7232,306.658,2.837,0.4244102564102564,0.33384,0.2724788732394367,0.20066101694915253,0.38780000000000003,0.2751830985915494,0.2041412429378531,0.16211330049261083
CFA4,17.6612,16.8428,16.5297,16.2469,17.118,16.495,16.2409,16.1359,306.657,2.92622,0.4809615384615385,0.37773999999999996,0.3089267605633803,0.22679661016949154,0.4388,0.3119014084507043,0.23075141242937855,0.1833152709359606
CFA4,17.5241,16.7808,16.5109,16.2586,17.0086,16.4871,16.2514,16.1686,306.654,2.91814,0.4809615384615385,0.37773999999999996,0.3089267605633803,0.22679661016949154,0.4388,0.3119014084507043,0.23075141242937855,0.1833152709359606
CFA4,17.1983,16.3048,15.9456,15.6147,16.6475,15.935,15.6136,15.4816,306.649,2.8838,0.46057371794871793,0.36238,0.2959267605633803,0.21808474576271186,0.4206,0.2989014084507043,0.2218813559322034,0.17601477832512316
CFA4,17.7216,16.7801,16.4065,16.047,17.2084,16.403,16.0771,15.9145,306.643,2.98032,0.47457371794871794,0.37265,0.3049267605633803,0.22408474576271187,0.433,0.3079014084507043,0.2278813559322034,0.1813152709359606
CFA4,17.7581,16.8541,16.4569,16.1599,17.2153,16.4561,16.1923,16.058,306.64,2.95339,0.4759615384615385,0.37465,0.3059267605633803,0.22479661016949154,0.435,0.3089014084507043,0.22875141242937855,0.18201477832512314
CFA4,16.0022,15.3445,15.1249,14.9237,15.5791,15.1025,14.9076,14.8575,306.638,2.83297,0.42941025641025643,0.33784000000000003,0.27620281690140847,0.20266101694915253,0.3918,0.27904225352112677,0.2061412429378531,0.16411330049261083
CFA4,17.6551,16.8777,16.5564,16.2409,17.1352,16.5615,16.3326,16.2405,306.637,2.93488,0.4799615384615385,0.37765,0.3086507042253522,0.22679661016949154,0.438,0.31176056338028174,0.23075141242937855,0.1833152709359606
CFA4,17.3259,16.6315,16.3626,16.1145,16.8739,16.3392,16.1014,16.0084,306.633,2.82984,0.42941025641025643,0.33784000000000003,0.27620281690140847,0.20266101694915253,0.3918,0.27904225352112677,0.2061412429378531,0.16411330049261083
CFA4,17.8234,17.0662,16.8096,16.5798,17.2716,16.7648,16.579,16.5104,306.632,2.90622,0.46857371794871794,0.36846999999999996,0.3009267605633803,0.22108474576271187,0.4274,0.3039014084507043,0.2248813559322034,0.17901477832512316
CFA4,18.1718,17.3918,17.1475,16.8921,17.6026,17.0832,16.8732,16.7892,306.62,2.90924,0.46857371794871794,0.36856,0.3016507042253522,0.22179661016949154,0.4282,0.30476056338028173,0.22575141242937855,0.17901477832512316
CFA4,18.0475,17.4178,17.2289,16.998,17.5808,17.1561,16.9919,16.936,306.619,2.83418,0.43441025641025643,0.34193,0.27920281690140847,0.2053728813559322,0.3966,0.2820422535211268,0.20901129943502825,0.16641379310344828
CFA4,16.7234,16.0422,15.8287,15.6234,16.2583,15.7841,15.6114,15.5549,306.619,2.9229,0.47557371794871794,0.37365,0.3056507042253522,0.22479661016949154,0.434,0.30876056338028174,0.22875141242937855,0.18201477832512314
CFA4,15.7699,15.1944,15.0168,14.8554,15.393,14.9954,14.8411,14.8128,306.617,2.84961,0.44718589743589743,0.35119999999999996,0.2872028169014085,0.2113728813559322,0.408,0.2900422535211268,0.21501129943502825,0.1707142857142857
CFA4,17.6247,17.098,16.9133,16.7735,17.258,16.8799,16.745,16.7016,306.613,2.98987,0.4699615384615385,0.36956,0.3019267605633803,0.22208474576271187,0.4292,0.3049014084507043,0.2258813559322034,0.1793152709359606
CFA4,16.1197,15.5765,15.4256,15.2898,15.7517,15.384,15.274,15.2608,306.612,2.8263,0.43441025641025643,0.34193,0.27920281690140847,0.2053728813559322,0.3966,0.2820422535211268,0.20901129943502825,0.16641379310344828
CFA4,17.9676,17.3466,17.1536,16.9964,17.5847,17.1859,17.0039,16.9246,306.606,2.98315,0.4699615384615385,0.36956,0.3019267605633803,0.22208474576271187,0.4292,0.3049014084507043,0.2258813559322034,0.1793152709359606
CFA4,17.0424,16.3271,16.0807,15.8837,16.5328,16.0204,15.8377,15.7726,306.602,2.91903,0.47157371794871794,0.37065,0.3036507042253522,0.22279661016949154,0.431,0.30676056338028174,0.22675141242937855,0.18001477832512316
CFA4,17.1283,16.5981,16.4031,16.2285,16.7569,16.3743,16.2075,16.1713,306.598,2.87385,0.46257371794871793,0.36346999999999996,0.2969267605633803,0.21879661016949153,0.4224,0.2999014084507043,0.22275141242937854,0.1767142857142857
CFA4,17.0964,16.4911,16.3218,16.1369,16.7518,16.3128,16.1402,16.0983,306.598,2.84614,0.44779807692307694,0.35219999999999996,0.2882028169014085,0.2113728813559322,0.409,0.2910422535211268,0.21501129943502825,0.1707142857142857
CFA4,17.9504,17.3198,17.0981,16.9871,17.7461,17.3185,17.1452,17.0836,306.597,2.90065,0.46518589743589744,0.36546999999999996,0.2989267605633803,0.22008474576271186,0.4244,0.3019014084507043,0.2238813559322034,0.17801477832512316
CFA4,17.6679,16.9823,16.7554,16.5707,17.2265,16.7293,16.5333,16.4755,306.594,2.86915,0.46257371794871793,0.36346999999999996,0.2969267605633803,0.21879661016949153,0.4224,0.2999014084507043,0.22275141242937854,0.1767142857142857
CFA4,16.5737,15.9789,15.7592,15.5908,16.1853,15.7565,15.5897,15.5454,306.593,2.9041,0.46518589743589744,0.36546999999999996,0.2989267605633803,0.22008474576271186,0.4244,0.3019014084507043,0.2238813559322034,0.17801477832512316
CFA4,17.475,16.6802,16.3825,16.0915,16.9762,16.3447,16.0587,15.9532,306.592,2.87102,0.46257371794871793,0.36346999999999996,0.2969267605633803,0.21879661016949153,0.4224,0.2999014084507043,0.22275141242937854,0.1767142857142857
CFA4,17.8426,17.2391,17.0153,16.8009,17.4243,16.9523,16.7458,16.6822,306.579,2.88098,0.45618589743589744,0.35838,0.2929267605633803,0.21537288135593222,0.41659999999999997,0.2959014084507043,0.21901129943502826,0.17401477832512316
CFA4,16.7971,16.122,15.9147,15.7227,16.3497,15.8615,15.6854,15.6327,306.577,2.8706,0.45618589743589744,0.35838,0.2929267605633803,0.21537288135593222,0.41659999999999997,0.2959014084507043,0.21901129943502826,0.17401477832512316
CFA4,17.6599,17.0844,16.9037,16.7629,17.2211,16.8242,16.6712,16.6143,306.577,2.89962,0.46218589743589744,0.36338,0.2969267605633803,0.21808474576271186,0.4216,0.2999014084507043,0.2218813559322034,0.1767142857142857
CFA4,17.1841,16.5509,16.3384,16.1802,16.7486,16.3101,16.1369,16.0885,306.574,2.89437,0.46218589743589744,0.36338,0.2969267605633803,0.21808474576271186,0.4216,0.2999014084507043,0.2218813559322034,0.1767142857142857
CFA4,17.7228,17.0275,16.8099,16.5944,17.339,16.8398,16.6308,16.552,306.572,2.86047,0.44879807692307694,0.35319999999999996,0.2882028169014085,0.21208474576271186,0.41,0.2910422535211268,0.2158813559322034,0.1717142857142857
CFA4,16.637,15.9776,15.7733,15.5865,16.1868,15.7163,15.5388,15.4923,306.563,2.83859,0.43679807692307693,0.34393,0.28120281690140847,0.2063728813559322,0.3986,0.2840422535211268,0.21001129943502825,0.1667142857142857
CFA4,17.1411,16.4572,16.2294,16.0118,16.6557,16.1554,15.9705,15.9078,306.56,2.84755,0.44879807692307694,0.35319999999999996,0.2882028169014085,0.21208474576271186,0.41,0.2910422535211268,0.2158813559322034,0.1717142857142857
CFA4,17.7991,17.2078,17.0025,16.8187,17.3431,16.9051,16.7321,16.6925,306.558,2.88126,0.45618589743589744,0.35838,0.2929267605633803,0.21537288135593222,0.41659999999999997,0.2959014084507043,0.21901129943502826,0.17401477832512316
CFA4,16.058,15.4833,15.3068,15.1629,15.6502,15.2572,15.1276,15.1045,306.557,2.82545,0.43679807692307693,0.34393,0.28120281690140847,0.2063728813559322,0.3986,0.2840422535211268,0.21001129943502825,0.1667142857142857
CFA4,16.396,15.7785,15.6029,15.4488,16.0399,15.616,15.47,15.4378,306.555,2.9148,0.46218589743589744,0.36338,0.2969267605633803,0.21808474576271186,0.4216,0.2999014084507043,0.2218813559322034,0.1767142857142857
CFA4,17.6616,16.7873,16.5061,16.2569,17.1484,16.5284,16.3102,16.2182,306.554,2.89113,0.45218589743589743,0.35529,0.2909267605633803,0.21408474576271186,0.4128,0.2939014084507043,0.2178813559322034,0.1727142857142857
CFA4,17.7665,17.0608,16.8042,16.5642,17.2306,16.7362,16.5235,16.4496,306.551,2.88596,0.45218589743589743,0.35529,0.2909267605633803,0.21408474576271186,0.4128,0.2939014084507043,0.2178813559322034,0.1727142857142857
CFA4,17.4079,16.621,16.3295,16.0691,16.9094,16.2979,16.0417,15.9407,306.549,2.90096,0.45179807692307694,0.35519999999999996,0.2902028169014085,0.21337288135593221,0.412,0.2930422535211268,0.21701129943502825,0.1727142857142857
CFA4,16.7409,15.9959,15.7392,15.532,16.2323,15.6905,15.4985,15.4277,306.543,2.89315,0.45179807692307694,0.35519999999999996,0.2902028169014085,0.21337288135593221,0.412,0.2930422535211268,0.21701129943502825,0.1727142857142857
CFA4,17.7257,17.1231,16.889,16.563,17.4598,16.8364,16.5555,16.4337,306.536,2.91236,0.45179807692307694,0.35519999999999996,0.2902028169014085,0.21337288135593221,0.412,0.2930422535211268,0.21701129943502825,0.1727142857142857
CFA4,17.4872,16.889,16.6272,16.3657,17.1506,16.629,16.3986,16.3155,57.5122,-3.32703,0.46618589743589745,0.36646999999999996,0.2999267605633803,0.22008474576271186,0.4254,0.3029014084507043,0.2238813559322034,0.17801477832512316
CFA4,17.642,16.7118,16.2992,15.9326,17.1006,16.2878,15.9523,15.8057,57.5028,-3.30199,0.47157371794871794,0.37056,0.3029267605633803,0.22279661016949154,0.4302,0.3059014084507043,0.22675141242937855,0.18001477832512316
CFA4,17.6769,16.8053,16.4398,16.1315,17.171,16.4368,16.1578,16.0271,57.4976,-3.35484,0.45618589743589744,0.35838,0.2932028169014085,0.21608474576271186,0.41659999999999997,0.2960422535211268,0.2198813559322034,0.1747142857142857
CFA4,17.1253,16.4851,16.2439,16.0243,16.743,16.2417,16.0604,15.9948,57.4889,-3.19315,0.46457371794871793,0.36546999999999996,0.2989267605633803,0.21979661016949154,0.4244,0.3019014084507043,0.22375141242937854,0.1777142857142857
CFA4,16.4286,15.7822,15.5605,15.3532,16.0203,15.5467,15.3637,15.2968,57.4581,-3.2645,0.4789615384615385,0.37673999999999996,0.3086507042253522,0.22679661016949154,0.4378,0.31176056338028174,0.23075141242937855,0.1833152709359606
CFA4,16.9246,16.1857,15.9137,15.6605,16.4733,15.9086,15.6838,15.5846,57.4457,-3.2443,0.4789615384615385,0.37665,0.3079267605633803,0.22679661016949154,0.437,0.3109014084507043,0.23075141242937855,0.1833152709359606
CFA4,16.3067,15.7713,15.5978,15.4221,15.9935,15.5975,15.4412,15.4111,129.14,28.1484,0.14426602564102564,0.11334,0.09306760563380283,0.06869491525423728,0.1318,0.09401408450704227,0.06996045197740113,0.05500492610837438
CFA4,17.2507,16.538,16.2865,16.066,16.846,16.2864,16.0762,16.0013,129.134,28.0899,0.14326602564102564,0.11325,0.09206760563380283,0.06798305084745764,0.131,0.09301408450704227,0.069090395480226,0.054704433497536946
CFA4,16.985,16.2496,15.9704,15.7469,16.5549,15.9857,15.7685,15.7002,129.13,28.1519,0.14426602564102564,0.11334,0.09306760563380283,0.06798305084745764,0.1318,0.09401408450704227,0.069090395480226,0.05500492610837438
CFA4,16.1997,15.4451,15.1526,14.9188,15.7477,15.1544,14.9082,14.8321,129.099,28.0087,0.14426602564102564,0.11334,0.092343661971831,0.06798305084745764,0.1318,0.0931549295774648,0.069090395480226,0.054704433497536946
CFA4,17.4949,16.8093,16.527,16.2943,17.1001,16.5411,16.3302,16.2652,129.094,28.1409,0.14326602564102564,0.11325,0.09206760563380283,0.06769491525423729,0.131,0.09301408450704227,0.06896045197740114,0.054704433497536946
CFA4,17.2185,16.6648,16.4472,16.2859,16.901,16.4724,16.3023,16.2681,129.086,28.1464,0.14326602564102564,0.11325,0.09206760563380283,0.06769491525423729,0.131,0.09301408450704227,0.06896045197740114,0.054704433497536946
CFA4,18.2418,17.8008,17.6088,17.4455,17.9475,17.6181,17.4773,17.4544,129.069,28.1196,0.14326602564102564,0.11234,0.09206760563380283,0.06769491525423729,0.1308,0.09301408450704227,0.06896045197740114,0.054704433497536946
CFA4,16.2701,15.671,15.4883,15.329,15.8856,15.459,15.3017,15.2754,129.045,28.0344,0.14126602564102564,0.11125,0.09106760563380283,0.06669491525423729,0.129,0.09201408450704227,0.06796045197740114,0.053704433497536945
CFA4,17.5906,16.8011,16.4941,16.2379,17.0987,16.4603,16.2089,16.1268,129.032,28.0065,0.13926602564102564,0.10925,0.09006760563380282,0.06598305084745763,0.127,0.09101408450704226,0.067090395480226,0.053704433497536945
CFA4,16.1497,15.513,15.3015,15.1065,15.7612,15.3062,15.1271,15.0806,129.018,28.105,0.14287820512820512,0.11225,0.09206760563380283,0.06769491525423729,0.13,0.09301408450704227,0.06896045197740114,0.054704433497536946
CFA4,18.0611,17.5633,17.4257,17.3257,17.6728,17.3986,17.2774,17.2569,129.011,28.0573,0.14126602564102564,0.11125,0.09106760563380283,0.06698305084745763,0.129,0.09201408450704227,0.068090395480226,0.053704433497536945
CFA4,16.3052,15.554,15.2913,15.0452,15.8419,15.2635,15.0239,14.9443,129.001,28.0153,0.13687820512820512,0.10725,0.08806760563380282,0.06469491525423729,0.125,0.08901408450704226,0.06596045197740114,0.05240394088669951
CFA4,16.8289,16.2699,16.0964,15.929,16.515,16.1031,15.9524,15.9116,128.996,28.15,0.14287820512820512,0.11225,0.09206760563380283,0.06769491525423729,0.13,0.09301408450704227,0.06896045197740114,0.054704433497536946
CFA4,16.8414,16.016,15.6916,15.4232,16.3224,15.6569,15.3929,15.2972,128.995,27.9862,0.13587820512820512,0.10625,0.08706760563380282,0.06398305084745763,0.124,0.08801408450704226,0.065090395480226,0.05170443349753695
CFA4,17.899,17.4003,17.2484,17.0829,17.5931,17.2505,17.106,17.0782,32.3931,-23.3973,0.05755128205128205,0.044989999999999995,0.0371718309859155,0.027135593220338983,0.0528,0.037577464788732404,0.027610169491525425,0.022201970443349754
CFA4,17.7659,17.2751,17.1119,16.9536,17.4813,17.1197,16.983,16.9565,32.3459,-23.3669,0.055551282051282055,0.043899999999999995,0.0361718309859155,0.026135593220338982,0.051,0.0365774647887324,0.026610169491525424,0.021201970443349753
CFA4,16.1633,15.6497,15.506,15.363,15.8116,15.4642,15.3432,15.3281,32.2994,-23.4918,0.059939102564102564,0.04699,0.038447887323943664,0.028135593220338984,0.0548,0.038718309859154934,0.028610169491525426,0.02320197044334975
CFA4,16.8618,16.2094,15.9897,15.8213,16.4806,15.9902,15.8167,15.7688,32.2847,-23.4762,0.06493910256410257,0.05108,0.042171830985915496,0.030847457627118643,0.0596,0.0425774647887324,0.031480225988700566,0.025201970443349753
CFA4,16.2585,15.7554,15.6138,15.48,15.9067,15.5625,15.4468,15.4283,32.245,-23.4853,0.06693910256410257,0.053079999999999995,0.043171830985915496,0.031847457627118644,0.0616,0.0435774647887324,0.03248022598870057,0.025502463054187192
CFA4,17.1383,16.4562,16.215,16.0108,16.7113,16.2131,16.0462,15.9772,30.4664,15.3354,0.18004166666666666,0.14097,0.11551549295774649,0.08511864406779661,0.16440000000000002,0.1167323943661972,0.08670056497175141,0.06860591133004926
CFA4,16.9246,16.101,15.7571,15.4549,16.4661,15.7935,15.5163,15.403,30.439,15.3828,0.17742948717948717,0.13979000000000003,0.11379154929577466,0.08411864406779661,0.1618,0.11487323943661974,0.08570056497175141,0.06760591133004926
CFA4,16.1753,15.687,15.5608,15.4249,15.8487,15.5262,15.4052,15.3758,30.4098,15.2462,0.2048173076923077,0.16124,0.1315154929577465,0.09683050847457628,0.1868,0.13273239436619721,0.09857062146892656,0.0779064039408867
CFA4,17.0668,16.1855,15.8273,15.5333,16.5412,15.8262,15.5476,15.5912,30.4061,15.3232,0.19242948717948719,0.15106,0.1235154929577465,0.09111864406779661,0.1752,0.12473239436619721,0.09270056497175141,0.07360591133004926
CFA4,17.9836,17.2788,17.0386,16.8027,17.5194,17.0024,16.7818,16.6993,30.3588,15.2884,0.19881730769230768,0.15624,0.1275154929577465,0.09411864406779662,0.1818,0.1287323943661972,0.09570056497175142,0.0759064039408867
CFA4,16.8564,16.3184,16.1582,15.9948,16.499,16.1372,16.0075,15.9724,30.3496,15.3565,0.1934294871794872,0.15206,0.1245154929577465,0.09111864406779661,0.1762,0.1257323943661972,0.09270056497175141,0.07360591133004926
CFA4,17.988,17.3374,17.0838,16.8387,17.6056,17.091,16.8657,16.7778,30.3452,15.4133,0.18842948717948718,0.14797,0.1205154929577465,0.08911864406779661,0.1714,0.1217323943661972,0.09070056497175141,0.07160591133004926
CFA4,17.7274,16.8855,16.5693,16.2855,17.2061,16.5532,16.3062,16.2166,5.78278,6.91001,0.08032692307692307,0.06335,0.05189577464788733,0.03784745762711864,0.074,0.05243661971830987,0.038480225988700566,0.030502463054187193
CFA4,15.6785,15.1501,14.9838,14.8306,15.3481,14.9802,14.8481,14.8202,5.76806,6.96672,0.0847147435897436,0.06635,0.05489577464788733,0.039847457627118645,0.077,0.05543661971830987,0.04048022598870057,0.03250246305418719
CFA4,18.0076,17.1586,16.8117,16.4849,17.5357,16.805,16.5048,16.3558,5.75528,6.93402,0.08632692307692308,0.06744,0.055619718309859165,0.040847457627118645,0.07880000000000001,0.056295774647887334,0.04148022598870057,0.03280295566502463
CFA4,16.7916,16.154,15.9477,15.7721,16.4065,15.945,15.7915,15.759,5.74601,7.02472,0.09171474358974359,0.07243999999999999,0.05889577464788733,0.043559322033898305,0.0838,0.059436619718309866,0.044350282485875706,0.03480295566502463
CFA4,18.1264,17.4452,17.1752,16.9568,17.702,17.1822,16.983,16.9011,5.74423,7.05126,0.09171474358974359,0.07243999999999999,0.05889577464788733,0.043559322033898305,0.0838,0.059436619718309866,0.044350282485875706,0.03480295566502463
CFA4,17.3217,16.6178,16.357,16.1007,16.9164,16.3502,16.1257,16.0391,5.74094,7.01753,0.09171474358974359,0.07243999999999999,0.05889577464788733,0.043559322033898305,0.0838,0.059436619718309866,0.044350282485875706,0.03480295566502463
CFA4,16.3557,15.6265,15.3606,15.1288,15.9208,15.3617,15.1531,15.0855,5.72999,7.00704,0.09271474358974359,0.07253,0.05961971830985916,0.043559322033898305,0.0846,0.06029577464788734,0.044350282485875706,0.03580295566502463
CFA4,15.3444,14.9417,14.8329,14.7175,15.0787,14.8155,14.7277,14.7191,5.72703,6.95698,0.08971474358974359,0.07044,0.05761971830985916,0.042559322033898304,0.08180000000000001,0.058295774647887336,0.043350282485875705,0.03380295566502463
CFA4,15.7468,15.1528,14.9814,14.8201,15.3915,14.9704,14.8473,14.8256,5.70231,7.03266,0.09471474358974359,0.07443999999999999,0.06061971830985916,0.044559322033898306,0.0858,0.06129577464788734,0.045350282485875706,0.03580295566502463
CFA4,18.2006,17.4617,17.1599,16.9109,17.7337,17.1733,16.9364,16.8548,5.69652,6.98727,0.09371474358974359,0.07353,0.06061971830985916,0.044559322033898306,0.0856,0.06129577464788734,0.045350282485875706,0.03580295566502463
CFA4,17.9562,17.0365,16.6834,16.4007,17.412,16.6743,16.405,16.323,161.74,26.5637,0.1141025641025641,0.08979999999999999,0.07361971830985917,0.054271186440677965,0.104,0.07429577464788734,0.05522033898305085,0.04340394088669951
CFA4,16.2674,15.6027,15.38,15.1932,15.841,15.3691,15.1936,15.1346,161.739,26.5349,0.11249038461538462,0.08879999999999999,0.07261971830985917,0.053271186440677964,0.103,0.07329577464788734,0.05422033898305085,0.04310344827586207
CFA4,16.3884,15.5806,15.2911,15.043,15.9019,15.2842,15.0626,14.9791,161.723,26.5715,0.11549038461538462,0.09089,0.074343661971831,0.054271186440677965,0.1058,0.07515492957746481,0.05522033898305085,0.04410344827586207
CFA4,17.0025,16.4234,16.2448,16.0784,16.5985,16.2162,16.0636,16.003,161.7,26.5227,0.1131025641025641,0.08879999999999999,0.07261971830985917,0.053271186440677964,0.103,0.07329577464788734,0.05422033898305085,0.04310344827586207
CFA4,16.7209,15.9759,15.7018,15.4701,16.2594,15.6929,15.4742,15.3972,348.853,18.9349,0.44779807692307694,0.35219999999999996,0.2879267605633803,0.2113728813559322,0.409,0.2909014084507043,0.21501129943502825,0.1707142857142857
CFA4,16.626,15.8819,15.6119,15.3515,16.2009,15.6173,15.3916,15.2997,348.764,19.0846,0.5305128205128206,0.41755,0.3410985915492958,0.2509322033898305,0.485,0.34447887323943666,0.25536158192090397,0.2032167487684729
CFA4,16.3434,15.5356,15.2379,14.9857,15.8512,15.2197,14.9816,14.8801,348.76,18.9939,0.5037371794871794,0.3961,0.324374647887324,0.23822033898305084,0.45999999999999996,0.3276197183098592,0.24249152542372882,0.19261576354679802
CFA4,16.7587,16.1814,16.0007,15.7985,16.4131,15.9937,15.8347,15.7755,220.667,-17.2216,0.35108333333333336,0.27567,0.22558309859154932,0.1658135593220339,0.3204,0.22774647887323948,0.16866101694915256,0.1339113300492611
CFA4,17.3981,16.8321,16.6781,16.5014,17.1993,16.7835,16.6072,16.5382,220.642,-17.2348,0.35208333333333336,0.27667,0.22630704225352116,0.16652542372881354,0.3214,0.22860563380281695,0.16953107344632767,0.13461083743842364
CFA4,16.7984,16.0324,15.7655,15.5051,16.3589,15.7564,15.5223,15.4225,220.628,-17.2826,0.35447115384615385,0.27867000000000003,0.22830704225352116,0.16752542372881354,0.3234,0.23060563380281696,0.17053107344632767,0.13561083743842364
CFA4,16.5424,15.8943,15.6839,15.4878,16.1504,15.6755,15.517,15.4676,38.2438,0.55225,0.0877147435897436,0.06935000000000001,0.056619718309859166,0.041559322033898304,0.08,0.057295774647887335,0.042350282485875704,0.03350246305418719
CFA4,15.5059,14.9722,14.8152,14.6855,15.168,14.8148,14.6966,14.6865,38.2344,0.529997,0.08632692307692308,0.06835000000000001,0.05589577464788733,0.040847457627118645,0.079,0.05643661971830987,0.04148022598870057,0.03280295566502463
CFA4,16.744,16.2619,16.1058,15.9537,16.4596,16.1182,15.9966,15.9715,38.2203,0.66086,0.0967147435897436,0.07561999999999999,0.06189577464788733,0.04555932203389831,0.08839999999999999,0.06243661971830987,0.04635028248587571,0.03680295566502463
CFA4,17.4012,16.7689,16.5379,16.345,17.0033,16.5407,16.3614,16.3126,38.1839,0.623914,0.1007147435897436,0.07862,0.06461971830985917,0.04755932203389831,0.0914,0.06529577464788734,0.04835028248587571,0.03810344827586207
CFA4,16.4627,15.674,15.3979,15.1508,15.9775,15.3793,15.1377,15.0455,38.1339,0.592973,0.09471474358974359,0.07453,0.060895774647887334,0.044559322033898306,0.0866,0.06143661971830987,0.045350282485875706,0.03610344827586207
CFA4,16.9436,16.4667,16.3415,16.2087,16.612,16.299,16.173,16.1667,38.1012,0.586603,0.09471474358974359,0.07453,0.060895774647887334,0.044559322033898306,0.0866,0.06143661971830987,0.045350282485875706,0.03580295566502463
CFA4,16.8303,16.0294,15.7358,15.5041,16.3317,15.7291,15.5069,15.4303,256.008,31.4181,0.11110256410256411,0.08779999999999999,0.07161971830985916,0.052271186440677964,0.102,0.07229577464788733,0.05322033898305085,0.04240394088669951
CFA4,17.0483,16.4422,16.2399,16.0715,16.6326,16.2229,16.055,16.0143,256.008,31.4132,0.1131025641025641,0.08879999999999999,0.07261971830985917,0.053271186440677964,0.103,0.07329577464788734,0.05422033898305085,0.04310344827586207
CFA4,16.5439,15.757,15.4809,15.2543,16.0585,15.4867,15.2666,15.2032,256.006,31.5638,0.1041025641025641,0.08171,0.06661971830985917,0.04927118644067796,0.0952,0.06729577464788734,0.050220338983050845,0.03980295566502463
CFA4,16.8407,16.2634,16.094,15.9398,16.4469,16.0668,15.9269,15.9098,256.004,31.5453,0.1041025641025641,0.08171,0.06661971830985917,0.04927118644067796,0.0952,0.06729577464788734,0.050220338983050845,0.03980295566502463
CFA4,16.3315,15.7437,15.5548,15.4048,15.9786,15.5759,15.4308,15.4109,256.003,31.5843,0.0981025641025641,0.07753,0.06289577464788733,0.04655932203389831,0.0896,0.06343661971830987,0.04735028248587571,0.03780295566502463
CFA4,17.4485,16.9961,16.8565,16.738,17.1149,16.8366,16.7207,16.7101,255.992,31.5133,0.10710256410256411,0.08471000000000001,0.06861971830985918,0.050559322033898305,0.0982,0.06929577464788735,0.051350282485875705,0.04110344827586207
CFA4,17.7503,16.9416,16.6316,16.3795,17.2184,16.6055,16.3645,16.2882,255.978,31.4485,0.11110256410256411,0.08771,0.07161971830985916,0.052271186440677964,0.1012,0.07229577464788733,0.05322033898305085,0.04210344827586207
CFA4,16.8182,16.1771,15.9862,15.8105,16.3876,15.9559,15.7981,15.7665,255.97,31.4306,0.1131025641025641,0.08879999999999999,0.07261971830985917,0.053271186440677964,0.103,0.07329577464788734,0.05422033898305085,0.04310344827586207
CFA4,16.8911,16.1732,15.9237,15.695,16.4659,15.9372,15.7196,15.6506,255.963,31.5646,0.1017147435897436,0.07962,0.06561971830985917,0.04827118644067797,0.0924,0.06629577464788734,0.04922033898305085,0.038802955665024626
CFA4,17.1281,16.6215,16.4768,16.3358,16.7653,16.4385,16.3078,16.2881,255.954,31.4323,0.1131025641025641,0.08879999999999999,0.07261971830985917,0.053271186440677964,0.103,0.07329577464788734,0.05422033898305085,0.04310344827586207
CFA4,15.961,15.3941,15.2371,15.0859,15.5659,15.1915,15.0566,15.0361,255.949,31.427,0.1131025641025641,0.08879999999999999,0.07261971830985917,0.053271186440677964,0.103,0.07329577464788734,0.05422033898305085,0.04310344827586207
CFA4,17.5365,16.7461,16.4515,16.229,17.2494,16.7032,16.4919,16.4211,255.948,31.4888,0.10810256410256411,0.0848,0.06961971830985916,0.05127118644067796,0.09899999999999999,0.07029577464788733,0.05222033898305085,0.04110344827586207
CFA4,16.3163,15.6508,15.4506,15.2944,15.8504,15.4146,15.2599,15.2374,255.938,31.4573,0.11210256410256411,0.08779999999999999,0.07161971830985916,0.053271186440677964,0.102,0.07229577464788733,0.05422033898305085,0.04310344827586207
CFA4,16.255,15.3677,15.0002,14.7114,15.7141,14.9805,14.6965,14.5956,255.937,31.4764,0.10810256410256411,0.0848,0.06961971830985916,0.05127118644067796,0.09899999999999999,0.07029577464788733,0.05222033898305085,0.04110344827586207
CFA4,16.4471,15.8558,15.6741,15.5128,16.0139,15.6266,15.4906,15.4388,255.929,31.4676,0.10810256410256411,0.0848,0.06961971830985916,0.05127118644067796,0.09899999999999999,0.07029577464788733,0.05222033898305085,0.04110344827586207
CFA4,16.1517,15.3971,15.1467,14.9507,15.6821,15.15,14.9661,14.9155,255.926,31.5391,0.1037147435897436,0.08162,0.06661971830985917,0.04927118644067796,0.0944,0.06729577464788734,0.050220338983050845,0.03980295566502463
CFA4,17.2289,16.6358,16.4562,16.3205,16.8666,16.4792,16.3426,16.3177,255.923,31.5741,0.0951025641025641,0.07453,0.060895774647887334,0.044559322033898306,0.0866,0.06143661971830987,0.045350282485875706,0.03680295566502463
CFA4,16.4925,15.9475,15.7997,15.6731,16.0831,15.7441,15.6202,15.6066,255.906,31.4208,0.11249038461538462,0.08879999999999999,0.07261971830985917,0.053271186440677964,0.103,0.07329577464788734,0.05422033898305085,0.04310344827586207
CFA4,16.2674,15.6875,15.513,15.3475,15.8559,15.4701,15.3099,15.2726,255.896,31.4639,0.11049038461538462,0.0868,0.071343661971831,0.052271186440677964,0.10099999999999999,0.0721549295774648,0.05322033898305085,0.04210344827586207
CFA4,17.8528,17.2335,17.0262,16.8362,17.4598,17.0325,16.8578,16.7969,255.884,31.5738,0.0987147435897436,0.07762,0.06361971830985917,0.04655932203389831,0.0904,0.06429577464788734,0.04735028248587571,0.03780295566502463
CFA4,16.1155,15.3845,15.1063,14.8961,15.702,15.1065,14.8825,14.7948,194.937,27.9493,0.03216346153846154,0.02554,0.020723943661971833,0.015423728813559322,0.0298,0.02085915492957747,0.015740112994350283,0.012600985221674877
CFA4,17.271,16.7294,16.5395,16.3762,16.8899,16.5066,16.3352,16.2945,194.922,28.0022,0.027775641025641028,0.02145,0.01772394366197183,0.01271186440677966,0.024999999999999998,0.017859154929577466,0.01287005649717514,0.010600985221674877
CFA4,17.229,16.6709,16.5097,16.3811,16.8733,16.4804,16.3315,16.2987,194.861,28.0066,0.028775641025641025,0.022539999999999998,0.01872394366197183,0.013711864406779661,0.0268,0.018859154929577467,0.013870056497175142,0.011300492610837438
CFA4,18.0556,17.5953,17.4464,17.3127,17.6619,17.3719,17.274,17.2539,194.855,27.9854,0.032775641025641025,0.02554,0.021447887323943666,0.015423728813559322,0.0298,0.021718309859154933,0.015740112994350283,0.012600985221674877
CFA4,16.7729,15.9431,15.6485,15.4578,16.2637,15.6194,15.3963,15.3275,194.853,27.94,0.037163461538461534,0.029630000000000004,0.024447887323943665,0.01742372881355932,0.0346,0.024718309859154936,0.01774011299435028,0.014600985221674877
CFA4,16.578,16.1212,16.0052,15.9144,16.2154,15.9494,15.8468,15.8383,194.816,27.9529,0.04016346153846154,0.03163,0.025447887323943666,0.019135593220338983,0.0366,0.025718309859154933,0.019610169491525425,0.015600985221674878
CFA4,17.3841,16.9282,16.8009,16.6732,17.0722,16.7745,16.6688,16.6654,194.807,28.0362,0.03316346153846154,0.026539999999999998,0.021447887323943666,0.01571186440677966,0.0308,0.021718309859154933,0.015870056497175142,0.012600985221674877
CFA4,16.195,15.5103,15.2701,15.1028,15.7739,15.2537,15.0659,15.0057,194.799,28.001,0.03477564102564103,0.02754,0.022447887323943667,0.016423728813559323,0.0318,0.022718309859154934,0.016740112994350284,0.013600985221674876
CFA4,16.7664,16.1017,15.8821,15.7034,16.3652,15.8846,15.6966,15.6333,194.767,28.0634,0.03616346153846154,0.02854,0.023447887323943664,0.01742372881355932,0.0328,0.023718309859154935,0.01774011299435028,0.013600985221674876
CFA4,16.1088,15.2869,14.9862,14.7166,15.6177,14.9888,14.6905,14.5861,194.755,28.0344,0.032775641025641025,0.02554,0.021447887323943666,0.015423728813559322,0.0298,0.021718309859154933,0.015740112994350283,0.012600985221674877
CFA4,17.6045,17.0595,16.8625,16.6868,17.266,16.8499,16.6823,16.632,202.436,11.8689,0.10910256410256411,0.08571000000000001,0.07034366197183099,0.05127118644067796,0.0992,0.0711549295774648,0.05222033898305085,0.04210344827586207
CFA4,17.8712,17.3567,17.1504,16.9758,17.5966,17.1537,16.9772,16.9073,202.435,11.7954,0.10810256410256411,0.08471000000000001,0.06961971830985916,0.05127118644067796,0.0982,0.07029577464788733,0.05222033898305085,0.04110344827586207
CFA4,17.5957,16.8411,16.5424,16.3005,17.1838,16.5785,16.344,16.2512,202.382,11.8741,0.11749038461538462,0.09289,0.07561971830985917,0.055271186440677966,0.1078,0.07629577464788734,0.05622033898305085,0.04510344827586207
CFA4,17.3447,16.6486,16.395,16.1878,16.9217,16.3885,16.2035,16.1331,202.377,11.8054,0.11949038461538462,0.09389,0.07661971830985917,0.05627118644067797,0.10880000000000001,0.07729577464788734,0.05722033898305085,0.0454039408866995
CFA4,17.7571,17.2505,17.116,16.9792,17.4513,17.121,17.0094,16.9807,202.375,11.8472,0.11549038461538462,0.09079999999999999,0.074343661971831,0.054271186440677965,0.105,0.07515492957746481,0.05522033898305085,0.04410344827586207
CFA4,18.0033,17.5579,17.4347,17.2538,17.7539,17.4344,17.2929,17.2588,202.36,11.8733,0.11849038461538462,0.09289,0.076343661971831,0.05627118644067797,0.1078,0.0771549295774648,0.05722033898305085,0.0454039408866995
CFA4,17.8962,17.3145,17.1852,17.0114,17.5057,17.1351,17.0078,16.9804,202.354,11.7586,0.1161025641025641,0.09089,0.07461971830985917,0.055271186440677966,0.1058,0.07529577464788734,0.05622033898305085,0.04440394088669951
CFA4,17.6873,17.199,17.0276,16.8939,17.3849,17.0301,16.9034,16.8815,250.894,32.6111,0.11849038461538462,0.09289,0.076343661971831,0.05627118644067797,0.1078,0.0771549295774648,0.05722033898305085,0.0454039408866995
CFA4,15.95,15.2399,14.9946,14.7812,15.5357,15.0069,14.7995,14.7459,250.875,32.6352,0.12149038461538461,0.09589,0.078343661971831,0.05727118644067796,0.11080000000000001,0.0791549295774648,0.058220338983050846,0.0464039408866995
CFA4,17.2995,16.7292,16.5465,16.3944,16.9492,16.5535,16.4015,16.3739,250.87,32.6025,0.11549038461538462,0.09079999999999999,0.074343661971831,0.054271186440677965,0.105,0.07515492957746481,0.05522033898305085,0.04410344827586207
CFA4,17.0004,16.3357,16.1243,15.9241,16.614,16.1316,15.9473,15.8986,250.86,32.745,0.11949038461538462,0.09398,0.077343661971831,0.05627118644067797,0.1096,0.0781549295774648,0.05722033898305085,0.0454039408866995
CFA4,17.7671,17.2517,17.0752,16.9374,17.394,17.0748,16.943,16.926,250.846,32.6299,0.12049038461538462,0.09489,0.077343661971831,0.056983050847457625,0.10980000000000001,0.0781549295774648,0.05809039548022599,0.04610344827586207
CFA4,16.9156,16.3968,16.2388,16.0999,16.5667,16.2302,16.1092,16.0973,250.828,32.6469,0.1191025641025641,0.09389,0.076343661971831,0.05627118644067797,0.10880000000000001,0.0771549295774648,0.05722033898305085,0.0454039408866995
CFA4,17.256,16.7144,16.5512,16.395,16.8884,16.5259,16.3934,16.3722,250.824,32.5975,0.11049038461538462,0.0868,0.07061971830985916,0.052271186440677964,0.10099999999999999,0.07129577464788733,0.05322033898305085,0.04210344827586207
CFA4,17.8644,17.2757,17.1279,16.9849,17.4132,17.0851,16.9731,16.9405,250.812,32.6299,0.1191025641025641,0.09389,0.076343661971831,0.05627118644067797,0.10880000000000001,0.0771549295774648,0.05722033898305085,0.0454039408866995
CFA4,15.7626,15.125,14.9259,14.7472,15.3871,14.9442,14.7676,14.731,250.801,32.7214,0.1131025641025641,0.08879999999999999,0.07261971830985917,0.053271186440677964,0.103,0.07329577464788734,0.05422033898305085,0.04310344827586207
CFA4,15.7692,15.1788,15.0012,14.8532,15.3546,14.9702,14.815,14.7923,250.776,32.6164,0.1131025641025641,0.08879999999999999,0.07261971830985917,0.053271186440677964,0.103,0.07329577464788734,0.05422033898305085,0.04310344827586207
CFA4,17.892,17.4527,17.2731,17.1496,17.5885,17.2553,17.1335,17.12,250.74,32.7006,0.11010256410256411,0.08671000000000001,0.07061971830985916,0.052271186440677964,0.1002,0.07129577464788733,0.05322033898305085,0.04210344827586207
CFA4,17.4485,16.5733,16.2172,15.9344,16.9624,16.261,15.9773,15.8719,250.724,32.7531,0.10910256410256411,0.08571000000000001,0.06961971830985916,0.05127118644067796,0.0992,0.07029577464788733,0.05222033898305085,0.04110344827586207
CFA4,17.4878,16.9786,16.8226,16.6796,17.1493,16.825,16.693,16.6783,250.715,32.7223,0.10710256410256411,0.08471000000000001,0.06934366197183099,0.050559322033898305,0.0982,0.0701549295774648,0.051350282485875705,0.04110344827586207
CFA4,15.9346,15.4412,15.2985,15.179,15.5618,15.2587,15.1484,15.1453,250.711,32.6756,0.11110256410256411,0.0868,0.071343661971831,0.052271186440677964,0.10099999999999999,0.0721549295774648,0.05322033898305085,0.04210344827586207
CFA4,16.131,15.4628,15.2298,15.001,15.7538,15.2465,15.0272,14.9542,230.748,-5.93134,0.3203076923076923,0.25212999999999997,0.2058591549295775,0.15138983050847457,0.29259999999999997,0.207887323943662,0.15392090395480226,0.12231034482758621
CFA4,16.2043,15.4034,15.1077,14.8085,15.7471,15.1339,14.8536,14.7299,230.745,-5.95816,0.3223076923076923,0.25322,0.2068591549295775,0.15210169491525424,0.2944,0.208887323943662,0.1547909604519774,0.12331034482758621
CFA4,17.2339,16.5989,16.3813,16.1699,16.8747,16.3902,16.1935,16.1406,230.738,-5.88039,0.3193076923076923,0.25112999999999996,0.20558309859154933,0.15110169491525424,0.29159999999999997,0.20774647887323947,0.1537909604519774,0.12200985221674877
CFA4,16.4725,15.8594,15.653,15.4682,16.1289,15.668,15.4972,15.4675,230.733,-5.88559,0.3193076923076923,0.25112999999999996,0.20558309859154933,0.15110169491525424,0.29159999999999997,0.20774647887323947,0.1537909604519774,0.12200985221674877
CFA4,17.1261,16.6624,16.5094,16.3624,16.8478,16.5079,16.3703,16.3483,230.732,-5.9082,0.3203076923076923,0.25212999999999997,0.2058591549295775,0.15138983050847457,0.29259999999999997,0.207887323943662,0.15392090395480226,0.12231034482758621
CFA4,16.4474,15.5626,15.1725,14.7722,15.912,15.1607,14.8232,14.5597,230.705,-5.97052,0.32169551282051284,0.25312999999999997,0.2068591549295775,0.15210169491525424,0.29359999999999997,0.208887323943662,0.1547909604519774,0.12300985221674877
CFA4,15.8873,15.1877,14.9505,14.7453,15.4695,14.9709,14.777,14.7109,230.694,-5.88693,0.3243076923076923,0.25522,0.20858309859154933,0.15310169491525424,0.2964,0.21074647887323947,0.1557909604519774,0.12400985221674876
CFA4,16.8292,16.2816,16.0968,15.913,16.5436,16.1396,15.9537,15.9124,230.693,-5.83922,0.32469551282051284,0.25522,0.2088591549295775,0.15310169491525424,0.2964,0.210887323943662,0.1557909604519774,0.12431034482758621
CFA4,17.2263,16.3923,16.1387,15.8854,16.791,16.1705,15.9243,15.8176,230.664,-5.99353,0.3189198717948718,0.25104,0.20485915492957749,0.15110169491525424,0.2908,0.206887323943662,0.1537909604519774,0.12200985221674877
CFA4,16.9848,16.3743,16.2008,16.0395,16.5823,16.1717,16.0119,15.9609,230.655,-5.96507,0.3203076923076923,0.25212999999999997,0.2058591549295775,0.15110169491525424,0.29259999999999997,0.207887323943662,0.1537909604519774,0.12231034482758621
CFA4,16.3028,15.6757,15.4571,15.2723,15.9622,15.4987,15.3182,15.2568,230.637,-5.83701,0.3296955128205128,0.25931,0.2118591549295775,0.15610169491525425,0.3012,0.213887323943662,0.1587909604519774,0.12631034482758619
CFA4,16.5499,15.9315,15.7313,15.5588,16.1277,15.7101,15.5421,15.4947,230.623,-5.91856,0.3253076923076923,0.25522,0.2088591549295775,0.15410169491525424,0.2964,0.210887323943662,0.1567909604519774,0.12431034482758621
CFA4,17.0841,16.2308,15.9115,15.5693,16.6141,15.9525,15.6346,15.5023,230.615,-5.8492,0.3303076923076923,0.25931,0.21258309859154934,0.15610169491525425,0.3012,0.21474647887323947,0.1587909604519774,0.12631034482758619
CFA4,16.5611,16.038,15.8635,15.699,16.2803,15.8994,15.747,15.701,230.607,-5.83306,0.3303076923076923,0.25931,0.21258309859154934,0.15610169491525425,0.3012,0.21474647887323947,0.1587909604519774,0.12631034482758619
CFA4,17.0527,16.4501,16.252,16.0764,16.649,16.2313,16.0589,16.0308,230.597,-5.89532,0.3283076923076923,0.25831,0.21158309859154933,0.15510169491525425,0.3002,0.21374647887323947,0.1577909604519774,0.1253103448275862
CFA4,17.2601,16.6181,16.3985,16.2045,16.882,16.385,16.2119,16.1582,121.68,1.03189,0.1037147435897436,0.08162,0.06661971830985917,0.04927118644067796,0.0944,0.06729577464788734,0.050220338983050845,0.03980295566502463
CFA4,15.868,15.2758,15.0777,14.9,15.4976,15.0652,14.9157,14.8705,121.68,0.974326,0.0987147435897436,0.07762,0.06361971830985917,0.04655932203389831,0.0904,0.06429577464788734,0.04735028248587571,0.03780295566502463
CFA4,16.9828,16.2798,16.0426,15.8651,16.6138,16.0779,15.887,15.8446,121.676,1.09568,0.10710256410256411,0.08371,0.06861971830985918,0.05027118644067796,0.09720000000000001,0.06929577464788735,0.051220338983050846,0.04110344827586207
CFA4,16.7177,16.2505,16.1232,16.0017,16.4166,16.1035,16.0099,16.0105,121.674,1.07508,0.10810256410256411,0.0848,0.06961971830985916,0.05127118644067796,0.09899999999999999,0.07029577464788733,0.05222033898305085,0.04110344827586207
CFA4,16.1768,15.3802,15.06,14.7925,15.7234,15.0656,14.8088,14.6865,121.673,1.00078,0.1011025641025641,0.07962,0.06461971830985917,0.04755932203389831,0.0924,0.06529577464788734,0.04835028248587571,0.038802955665024626
CFA4,15.7063,15.2102,15.0634,14.9297,15.4061,15.0566,14.9329,14.9193,121.668,1.03398,0.1041025641025641,0.08171,0.06661971830985917,0.04927118644067796,0.0952,0.06729577464788734,0.050220338983050845,0.03980295566502463
CFA4,15.6491,15.2526,15.1571,15.0836,15.3756,15.1369,15.0823,15.0893,121.656,0.985784,0.0997147435897436,0.07853,0.06361971830985917,0.04655932203389831,0.0906,0.06429577464788734,0.04735028248587571,0.03780295566502463
CFA4,17.6695,16.9969,16.767,16.5905,17.2926,16.7939,16.6231,16.5554,121.654,1.12567,0.11010256410256411,0.08671000000000001,0.07061971830985916,0.052271186440677964,0.1002,0.07129577464788733,0.05322033898305085,0.04210344827586207
CFA4,15.5495,15.1224,15.0187,14.9319,15.2681,15.0061,14.935,14.9303,121.647,1.0016,0.1017147435897436,0.07962,0.06561971830985917,0.04827118644067797,0.0924,0.06629577464788734,0.04922033898305085,0.038802955665024626
CFA4,17.3339,16.5801,16.3122,16.1122,16.8446,16.2839,16.0882,16.0548,121.646,1.09332,0.10910256410256411,0.08571000000000001,0.06961971830985916,0.05127118644067796,0.0992,0.07029577464788733,0.05222033898305085,0.04110344827586207
CFA4,17.304,16.7965,16.6734,16.5815,16.9919,16.6835,16.5906,16.5744,121.644,0.963749,0.0977147435897436,0.07662,0.06261971830985917,0.04655932203389831,0.0894,0.06329577464788734,0.04735028248587571,0.03710344827586207
CFA4,15.9435,15.1784,14.8992,14.6491,15.4839,14.8927,14.6599,14.5565,121.64,1.01353,0.1017147435897436,0.07962,0.06561971830985917,0.04827118644067797,0.0924,0.06629577464788734,0.04922033898305085,0.038802955665024626
CFA4,17.4844,16.8704,16.6805,16.5294,17.0978,16.6662,16.5023,16.449,121.628,0.966061,0.0977147435897436,0.07662,0.06261971830985917,0.04655932203389831,0.0894,0.06329577464788734,0.04735028248587571,0.03710344827586207
CFA4,16.2439,15.4395,15.1561,14.8968,15.7972,15.1946,14.9518,14.8424,121.627,1.1258,0.10810256410256411,0.0848,0.06961971830985916,0.05127118644067796,0.09899999999999999,0.07029577464788733,0.05222033898305085,0.04110344827586207
CFA4,17.243,16.4394,16.1325,15.8865,16.7581,16.1213,15.8744,15.7768,121.625,0.978811,0.0991025641025641,0.07762,0.06361971830985917,0.04655932203389831,0.0904,0.06429577464788734,0.04735028248587571,0.03780295566502463
CFA4,16.9704,16.4411,16.2666,16.1165,16.6457,16.2526,16.1335,16.1021,121.624,1.10148,0.10810256410256411,0.0848,0.06961971830985916,0.05127118644067796,0.09899999999999999,0.07029577464788733,0.05222033898305085,0.04110344827586207
CFA4,15.6842,15.2291,15.1142,15.0192,15.3998,15.1031,15.029,15.0347,121.62,1.08321,0.10949038461538461,0.0858,0.07061971830985916,0.051559322033898305,0.09999999999999999,0.07129577464788733,0.052350282485875706,0.04210344827586207
CFA4,17.5914,16.7748,16.4699,16.2454,17.0889,16.4436,16.2206,16.1401,121.59,1.00526,0.1031025641025641,0.08071,0.06661971830985917,0.04855932203389831,0.0942,0.06729577464788734,0.04935028248587571,0.03910344827586207
CFA4,15.923,15.1623,14.878,14.6872,15.4601,14.8767,14.6981,14.6293,121.589,1.04058,0.10910256410256411,0.0858,0.07061971830985916,0.051559322033898305,0.09999999999999999,0.07129577464788733,0.052350282485875706,0.04210344827586207
CFA4,16.7703,16.2655,16.1248,16.0033,16.4373,16.1015,16.011,15.9919,121.589,1.06439,0.10949038461538461,0.0858,0.07061971830985916,0.051559322033898305,0.09999999999999999,0.07129577464788733,0.052350282485875706,0.04210344827586207
CFA4,17.1288,16.5943,16.4393,16.3024,16.7726,16.4207,16.2956,16.2769,121.588,1.09757,0.10910256410256411,0.0858,0.07061971830985916,0.051559322033898305,0.09999999999999999,0.07129577464788733,0.052350282485875706,0.04210344827586207
CFA4,15.8524,15.1624,14.9222,14.6986,15.4455,14.9208,14.7223,14.6474,121.587,1.10492,0.10710256410256411,0.08471000000000001,0.06861971830985918,0.050559322033898305,0.0982,0.06929577464788735,0.051350282485875705,0.04110344827586207
CFA4,16.0099,15.3408,15.114,14.9088,15.5943,15.1023,14.9012,14.845,121.579,1.02736,0.10910256410256411,0.0858,0.07061971830985916,0.051559322033898305,0.09999999999999999,0.07129577464788733,0.052350282485875706,0.04210344827586207
CFA4,16.508,16.0512,15.9208,15.8167,16.187,15.8846,15.7858,15.7701,121.565,1.01844,0.1031025641025641,0.08071,0.06661971830985917,0.04855932203389831,0.0942,0.06729577464788734,0.04935028248587571,0.03910344827586207
CFA4,17.6506,17.013,16.8016,16.6505,17.2287,16.7857,16.6412,16.5958,121.559,1.05628,0.10810256410256411,0.08571000000000001,0.06961971830985916,0.05127118644067796,0.0992,0.07029577464788733,0.05222033898305085,0.04110344827586207
CFA4,16.722,15.9438,15.6584,15.439,16.2519,15.6474,15.4445,15.3651,121.558,1.069,0.10810256410256411,0.08571000000000001,0.06961971830985916,0.05127118644067796,0.0992,0.07029577464788733,0.05222033898305085,0.04110344827586207
CFA4,16.3611,15.9227,15.818,15.7261,16.0568,15.7861,15.715,15.7178,121.546,1.04833,0.10810256410256411,0.08471000000000001,0.06961971830985916,0.050559322033898305,0.0982,0.07029577464788733,0.051350282485875705,0.04110344827586207
CFA4,17.8587,17.1372,16.8375,16.6017,17.3807,16.7805,16.5438,16.4487,121.542,0.992155,0.1021025641025641,0.07971,0.06561971830985917,0.04827118644067797,0.0932,0.06629577464788734,0.04922033898305085,0.03910344827586207
CFA4,16.2455,15.759,15.6009,15.4784,15.9289,15.5957,15.4754,15.4455,121.541,1.03713,0.10810256410256411,0.08471000000000001,0.06961971830985916,0.050559322033898305,0.0982,0.07029577464788733,0.051350282485875705,0.04110344827586207
CFA4,17.5275,17.0157,16.8545,16.7279,17.1705,16.7962,16.6709,16.6531,121.54,1.00497,0.1041025641025641,0.08171,0.06661971830985917,0.04927118644067796,0.0952,0.06729577464788734,0.050220338983050845,0.04010344827586207
CFA4,16.3349,15.6912,15.4879,15.3328,15.9016,15.4371,15.282,15.2405,121.535,0.967289,0.0997147435897436,0.07862,0.06389577464788733,0.047271186440677966,0.0914,0.06443661971830987,0.04822033898305085,0.03810344827586207
CFA4,15.5766,15.1338,15.0158,14.9229,15.2851,15.0072,14.9225,14.9199,121.533,1.06924,0.10810256410256411,0.0848,0.06961971830985916,0.05127118644067796,0.09899999999999999,0.07029577464788733,0.05222033898305085,0.04110344827586207
CFA4,17.6049,16.8852,16.6635,16.4767,17.1403,16.6147,16.4383,16.3637,121.53,1.01579,0.1041025641025641,0.08171,0.06661971830985917,0.04927118644067796,0.0952,0.06729577464788734,0.050220338983050845,0.04010344827586207
CFA4,17.7013,17.1117,16.9023,16.7472,17.3372,16.8876,16.7347,16.7056,162.938,65.7728,0.05855128205128205,0.045989999999999996,0.03744788732394366,0.027847457627118644,0.0538,0.03771830985915493,0.028480225988700567,0.022201970443349754
CFA4,16.9699,16.1489,15.8522,15.6073,16.4957,15.8674,15.6333,15.5438,162.912,65.7003,0.05855128205128205,0.045899999999999996,0.03744788732394366,0.027135593220338983,0.053,0.03771830985915493,0.027610169491525425,0.022201970443349754
CFA4,17.6834,16.9174,16.6454,16.385,17.253,16.6465,16.4023,16.3043,162.905,65.7098,0.05755128205128205,0.044899999999999995,0.0371718309859155,0.027135593220338983,0.052,0.037577464788732404,0.027610169491525425,0.022201970443349754
CFA4,15.6412,15.0508,14.867,14.7047,15.2803,14.8625,14.7177,14.6896,162.857,65.8023,0.05055128205128205,0.03981,0.032447887323943665,0.024135593220338983,0.0462,0.032718309859154936,0.024610169491525426,0.01920197044334975
CFA4,16.9758,16.2893,16.0553,15.8501,16.5564,16.0415,15.8511,15.7887,162.833,65.7253,0.055551282051282055,0.043809999999999995,0.03544788732394366,0.026135593220338982,0.050199999999999995,0.03571830985915493,0.026610169491525424,0.021201970443349753
CFA4,16.522,15.6766,15.346,15.1124,16.0476,15.3486,15.1279,15.0489,162.814,65.7445,0.054551282051282055,0.04281,0.035171830985915496,0.02542372881355932,0.0492,0.0355774647887324,0.02574011299435028,0.020901477832512314
CFA4,16.0219,15.5817,15.4308,15.2848,15.7557,15.4299,15.3007,15.263,162.776,65.8307,0.04555128205128205,0.03572,0.029447887323943666,0.02142372881355932,0.0414,0.029718309859154933,0.02174011299435028,0.01760098522167488
CFA4,17.5742,17.085,16.9198,16.7359,17.266,16.9064,16.7457,16.7013,162.75,65.7489,0.04755128205128205,0.03772,0.030447887323943667,0.02242372881355932,0.0434,0.030718309859154934,0.022740112994350282,0.017901477832512315
CFA4,16.4794,15.8147,15.593,15.3929,16.0839,15.5917,15.4124,15.3647,162.73,65.8251,0.044551282051282046,0.03472,0.028447887323943665,0.02113559322033898,0.040400000000000005,0.028718309859154936,0.021610169491525423,0.016901477832512314
CFA4,18.2679,17.6329,17.3897,17.1988,17.9095,17.4095,17.2273,17.1725,162.648,65.8591,0.04116346153846154,0.03263,0.026447887323943667,0.019423728813559322,0.0376,0.026718309859154934,0.019740112994350283,0.015901477832512313
CFA4,18.1993,17.5338,17.2946,17.0945,17.7755,17.2862,17.0982,17.0389,162.614,65.8296,0.04116346153846154,0.03263,0.026447887323943667,0.019423728813559322,0.0376,0.026718309859154934,0.019740112994350283,0.015901477832512313
CFA4,16.4405,15.9715,15.8453,15.735,16.1228,15.8109,15.7021,15.6908,162.583,65.7637,0.04216346153846154,0.03272,0.027447887323943664,0.019423728813559322,0.038400000000000004,0.027718309859154935,0.019740112994350283,0.015901477832512313
CFA4,16.7124,16.1071,15.9357,15.7785,16.3348,15.9378,15.7977,15.7628,204.197,5.21238,0.09071474358974359,0.07144,0.05861971830985916,0.04284745762711864,0.0828,0.05929577464788734,0.04348022598870056,0.03480295566502463
CFA4,16.6898,15.8514,15.49,15.1766,16.2036,15.4678,15.1857,15.0577,204.197,5.13738,0.09271474358974359,0.07253,0.05961971830985916,0.043559322033898305,0.0846,0.06029577464788734,0.044350282485875706,0.035502463054187194
CFA4,18.4621,17.8036,17.5367,17.3264,18.0184,17.5316,17.3255,17.2466,204.172,5.20375,0.08971474358974359,0.07044,0.05789577464788733,0.042559322033898304,0.08180000000000001,0.058436619718309865,0.043350282485875705,0.034502463054187194
CFA4,16.5206,15.9512,15.75,15.5519,16.1642,15.7288,15.5324,15.4626,204.151,5.10147,0.09571474358974359,0.07453,0.06161971830985916,0.04555932203389831,0.0866,0.06229577464788734,0.04635028248587571,0.03680295566502463
CFA4,17.0958,16.46,16.2311,16.0146,16.7042,16.2128,16.0265,15.9439,204.121,5.14963,0.09171474358974359,0.07243999999999999,0.05889577464788733,0.043559322033898305,0.0838,0.059436619718309866,0.044350282485875706,0.03480295566502463
CFA4,17.3268,16.5643,16.2071,15.9224,16.8929,16.1973,15.9209,15.7954,230.044,4.84796,0.14726602564102564,0.11534,0.09406760563380283,0.06969491525423728,0.1338,0.09501408450704227,0.07096045197740113,0.05600492610837438
CFA4,17.0902,16.5085,16.3412,16.1409,16.7231,16.3403,16.1925,16.149,230.034,4.97034,0.14726602564102564,0.11634,0.09506760563380283,0.06969491525423728,0.1348,0.09601408450704227,0.07096045197740113,0.05670443349753695
CFA4,16.6781,16.1462,16.0004,15.9158,16.3475,16.0023,15.8752,15.8345,230.029,4.98979,0.14965384615384614,0.11743,0.09606760563380283,0.07069491525423728,0.1366,0.09701408450704227,0.07196045197740113,0.05700492610837438
CFA4,17.662,16.9266,16.632,16.3174,17.2035,16.639,16.4217,16.3274,230.029,4.97409,0.14726602564102564,0.11634,0.09506760563380283,0.06969491525423728,0.1348,0.09601408450704227,0.07096045197740113,0.05670443349753695
CFA4,15.9935,15.2119,14.9357,14.6487,15.526,14.9393,14.7019,14.6099,230.02,4.96084,0.14826602564102564,0.11643,0.09506760563380283,0.06998305084745762,0.1356,0.09601408450704227,0.07109039548022598,0.05670443349753695
CFA4,17.2611,16.3571,16.0009,15.623,16.7488,15.9762,15.6856,15.5575,230.013,4.85982,0.14926602564102565,0.11743,0.09606760563380283,0.07069491525423728,0.1366,0.09701408450704227,0.07196045197740113,0.05700492610837438
CFA4,16.7319,16.0628,15.8463,15.6338,16.3303,15.8443,15.655,15.5808,230.007,4.95619,0.14826602564102564,0.11643,0.09506760563380283,0.06998305084745762,0.1356,0.09601408450704227,0.07109039548022598,0.05670443349753695
CFA4,17.6423,16.892,16.6108,16.29,17.1481,16.5963,16.3753,16.2788,230.007,4.90816,0.14826602564102564,0.11634,0.09506760563380283,0.06969491525423728,0.1348,0.09601408450704227,0.07096045197740113,0.05670443349753695
CFA4,16.0548,15.2748,15.0059,14.7577,15.5842,14.9939,14.799,14.7167,230.004,4.89164,0.14826602564102564,0.11634,0.09506760563380283,0.06969491525423728,0.1348,0.09601408450704227,0.07096045197740113,0.05670443349753695
CFA4,17.3265,16.84,16.7096,16.5338,17.022,16.6704,16.5532,16.5107,230.004,4.82192,0.14926602564102565,0.11734,0.09606760563380283,0.07069491525423728,0.13579999999999998,0.09701408450704227,0.07196045197740113,0.05700492610837438
CFA4,16.9358,16.2152,15.9442,15.7063,16.519,15.9655,15.7481,15.6593,229.994,4.98881,0.15326602564102565,0.12043,0.09879154929577466,0.07269491525423728,0.1396,0.09987323943661974,0.07396045197740113,0.05870443349753695
CFA4,16.5557,16.0544,15.8983,15.7462,16.2284,15.8764,15.7357,15.6788,229.985,4.85566,0.15065384615384614,0.11843000000000001,0.09706760563380283,0.07098305084745762,0.1376,0.09801408450704227,0.07209039548022599,0.05770443349753695
CFA4,16.7587,16.122,15.9044,15.6981,16.3938,15.92,15.734,15.6528,229.982,4.84121,0.15065384615384614,0.11843000000000001,0.09706760563380283,0.07098305084745762,0.1376,0.09801408450704227,0.07209039548022599,0.05770443349753695
CFA4,17.7682,17.2713,17.0988,16.9375,17.4098,17.0565,16.9128,16.8715,229.975,4.86014,0.15065384615384614,0.11843000000000001,0.09706760563380283,0.07098305084745762,0.1376,0.09801408450704227,0.07209039548022599,0.05770443349753695
CFA4,16.1505,15.3348,15.0094,14.7133,15.6518,14.9831,14.725,14.6142,229.965,4.84028,0.15265384615384614,0.12043,0.09806760563380283,0.07269491525423728,0.1396,0.09901408450704227,0.07396045197740113,0.058004926108374384
CFA4,18.0142,17.5426,17.483,17.3409,17.6928,17.429,17.3158,17.3011,229.958,4.87142,0.15165384615384614,0.11943000000000001,0.09779154929577466,0.07169491525423728,0.1386,0.09887323943661974,0.07296045197740113,0.058004926108374384
CFA4,16.4889,15.8627,15.6861,15.5248,16.0822,15.6456,15.4896,15.4366,229.95,4.84881,0.15465384615384614,0.12151999999999999,0.09979154929577466,0.07340677966101695,0.1414,0.10087323943661973,0.07483050847457627,0.059004926108374385
CFA4,16.0955,15.4824,15.2801,15.0984,15.6883,15.2486,15.0834,15.029,229.946,4.84662,0.15465384615384614,0.12151999999999999,0.09979154929577466,0.07340677966101695,0.1414,0.10087323943661973,0.07483050847457627,0.059004926108374385
CFA4,17.4265,16.9147,16.7401,16.587,17.0845,16.7215,16.5823,16.5363,229.926,4.92565,0.15265384615384614,0.12043,0.09806760563380283,0.07169491525423728,0.1396,0.09901408450704227,0.07296045197740113,0.058004926108374384
CFA4,16.4798,15.8352,15.6278,15.441,16.0495,15.6083,15.457,15.4156,229.922,4.89148,0.15426602564102565,0.12143,0.09906760563380283,0.07269491525423728,0.1406,0.10001408450704227,0.07396045197740113,0.059004926108374385
CFA4,17.4091,16.8178,16.6351,16.5249,16.9915,16.6198,16.4767,16.4454,229.916,4.86083,0.15565384615384614,0.12243,0.10006760563380282,0.07369491525423728,0.1416,0.10101408450704226,0.07496045197740113,0.059004926108374385
CFA4,18.8521,18.2861,18.0018,17.8796,18.5422,18.014,17.8027,17.7254,195.346,53.7755,0.060939102564102565,0.04799,0.0391718309859155,0.02913559322033898,0.0558,0.0395774647887324,0.029610169491525423,0.02320197044334975
CFA4,18.4791,17.9306,17.7582,17.5846,18.2036,17.7833,17.6334,17.615,195.317,53.8794,0.05955128205128205,0.0469,0.0381718309859155,0.028135593220338984,0.054,0.0385774647887324,0.028610169491525426,0.022201970443349754
CFA4,16.6398,16.004,15.7679,15.6036,16.2437,15.7703,15.5998,15.542,195.277,53.8185,0.061939102564102566,0.04899,0.0401718309859155,0.02913559322033898,0.056799999999999996,0.0405774647887324,0.029610169491525423,0.02320197044334975
CFA4,15.854,15.2452,15.0574,14.9166,15.4593,15.0261,14.8891,14.8448,195.255,53.749,0.060939102564102565,0.04799,0.0391718309859155,0.02884745762711864,0.0558,0.0395774647887324,0.029480225988700565,0.02320197044334975
CFA4,18.4824,17.733,17.5975,17.3685,18.0383,17.5186,17.3638,17.3222,195.234,53.754,0.059939102564102564,0.04699,0.0381718309859155,0.028135593220338984,0.0548,0.0385774647887324,0.028610169491525426,0.02320197044334975
CFA4,19.0979,18.7931,18.7356,18.5382,18.8722,18.6302,18.5195,18.4926,195.192,53.8027,0.06293910256410257,0.04999,0.0401718309859155,0.029847457627118643,0.0578,0.0405774647887324,0.030480225988700566,0.024201970443349752
CFA4,16.743,16.2862,16.1661,16.0302,16.5133,16.1746,16.0486,16.0121,195.186,53.7689,0.05955128205128205,0.0469,0.0381718309859155,0.028135593220338984,0.054,0.0385774647887324,0.028610169491525426,0.022901477832512316
